Region,Body of Water,Classification,Parameter,2019 Value,2020 Value,2021 Value,2019 Rate,2020 Rate,2021 Rate
Region 2,Cagayan River,A/C,BOD,1.88,1.78,2.41,Passed,Passed,Passed
Region 2,Cagayan River,A/C,CHLORIDE,393.36,496.05,505.11,Failed,Failed,Failed
Region 2,Cagayan River,A/C,COLOR,12.76,10.36,8.46,Passed,Passed,Passed
Region 2,Cagayan River,A/C,DO,7.38,6.86,6.91,Passed,Passed,Passed
Region 2,Cagayan River,A/C,FECAL COLIFORM,5086.18,2223.31,3731.63,Failed,Failed,Failed
Region 2,Cagayan River,A/C,NITRATE,0.23,0.09,0.23,Passed,Passed,Passed
Region 2,Cagayan River,A/C,PH,8.44,7.51,7.38,Passed,Passed,Passed
Region 2,Cagayan River,A/C,PHOSPHATE,0.09,0.08,0.08,Passed,Passed,Passed
Region 2,Cagayan River,A/C,TEMPERATURE,28.68,29.31,28.69,Passed,Passed,Passed
Region 2,Cagayan River,A/C,TSS,88.08,49.11,69.14,Failed,Passed,Failed
CAR,Abra River,A/B/C,BOD,1.23,1.36,0.98,Passed,Passed,Passed
CAR,Abra River,A/B/C,CHLORIDE,,5.17,9.1,No Monitoring,Passed,Passed
CAR,Abra River,A/B/C,COLOR,,5,5,No Monitoring,Passed,Passed
CAR,Abra River,A/B/C,DO,12.73,9.98,7.51,Passed,Passed,Passed
CAR,Abra River,A/B/C,FECAL COLIFORM,,4078.54,31488.5,No Monitoring,Failed,Failed
CAR,Abra River,A/B/C,NITRATE,0.04,58.17,16.82,Passed,Failed,Failed
CAR,Abra River,A/B/C,PH,7.9,7.93,8.45,Passed,Passed,Passed
CAR,Abra River,A/B/C,PHOSPHATE,0.06,0.03,0.05,Passed,Passed,Passed
CAR,Abra River,A/B/C,TEMPERATURE,26.79,27.36,28.71,Passed,Passed,Passed
CAR,Abra River,A/B/C,TSS,54.66,4.54,144.71,Passed,Passed,Failed
CAR,Agno River,A/B,BOD,1.03,2.82,1.1,Passed,Passed,Passed
CAR,Agno River,A/B,CHLORIDE,,4636.97,9.67,No Monitoring,Passed,Passed
CAR,Agno River,A/B,COLOR,,4.93,5,No Monitoring,Passed,Passed
CAR,Agno River,A/B,DO,11.05,7.3,8.24,Passed,Passed,Passed
CAR,Agno River,A/B,FECAL COLIFORM,11694.56,542.76,18497.53,Failed,Failed,Failed
CAR,Agno River,A/B,NITRATE,,0.22,23.64,No Monitoring,Passed,Failed
CAR,Agno River,A/B,PH,8.63,7.68,7.86,Failed,Passed,Passed
CAR,Agno River,A/B,PHOSPHATE,0.07,0.04,0.09,Passed,Passed,Passed
CAR,Agno River,A/B,TEMPERATURE,21.98,28.2,23.71,Failed,Passed,Passed
CAR,Agno River,A/B,TSS,93.14,4.3,38.73,Failed,Passed,Passed
Region 10,Agusan River,A/C,BOD,1.78,3.21,3.88,Passed,Passed,Passed
Region 10,Agusan River,A/C,CHLORIDE,2.86,60.46,0.77,Passed,Passed,Passed
Region 10,Agusan River,A/C,COLOR,140,25.14,45,Failed,Passed,Passed
Region 10,Agusan River,A/C,DO,8.08,8.21,7.69,Passed,Passed,Passed
Region 10,Agusan River,A/C,FECAL COLIFORM,3695.83,8757.45,13469.17,Failed,Failed,Failed
Region 10,Agusan River,A/C,NITRATE,0.55,0.6,0.55,Passed,Passed,Passed
Region 10,Agusan River,A/C,PH,7.88,8.01,7.93,Passed,Passed,Passed
Region 10,Agusan River,A/C,PHOSPHATE,0.93,0.47,0.35,Failed,Passed,Passed
Region 10,Agusan River,A/C,TEMPERATURE,26.86,26.11,25.98,Passed,Passed,Passed
Region 10,Agusan River,A/C,TSS,37.89,31.86,50.75,Passed,Passed,Passed
Region 11,Agusan River,C,BOD,0.9,,1.39,Passed,No Monitoring,Passed
Region 11,Agusan River,C,CHLORIDE,18.91,,12.27,Passed,No Monitoring,Passed
Region 11,Agusan River,C,COLOR,14.18,17.08,11.87,Passed,Passed,Passed
Region 11,Agusan River,C,DO,7.29,7.7,7.86,Passed,Passed,Passed
Region 11,Agusan River,C,FECAL COLIFORM,,,,No Monitoring,No Monitoring,No Monitoring
Region 11,Agusan River,C,NITRATE,,,5.76,No Monitoring,No Monitoring,Passed
Region 11,Agusan River,C,PH,8.27,8.32,8.32,Passed,Passed,Passed
Region 11,Agusan River,C,PHOSPHATE,0.47,0.12,0.14,Passed,Failed,Passed
Region 11,Agusan River,C,TEMPERATURE,29.36,26.33,28.75,Passed,Passed,Passed
Region 11,Agusan River,C,TSS,110.54,97.25,76.42,Failed,Failed,Passed
Region 13,Agusan River,C,BOD,1.31,1.6,1.37,Passed,Passed,Passed
Region 13,Agusan River,C,CHLORIDE,1119.18,1655.43,92.84,Failed,Failed,Passed
Region 13,Agusan River,C,COLOR,15.82,19.36,12.78,Passed,Passed,Passed
Region 13,Agusan River,C,DO,6.82,6.19,6.03,Passed,Passed,Passed
Region 13,Agusan River,C,FECAL COLIFORM,9828.63,16227.77,17963.98,Failed,Failed,Failed
Region 13,Agusan River,C,NITRATE,,,0.31,No Monitoring,No Monitoring,Passed
Region 13,Agusan River,C,PH,8.26,7.76,7.7,Passed,Passed,Passed
Region 13,Agusan River,C,PHOSPHATE,0.11,0.07,0.07,Passed,Passed,Passed
Region 13,Agusan River,C,TEMPERATURE,28.29,27.71,27.33,Passed,Passed,Passed
Region 13,Agusan River,C,TSS,103.92,119.54,159.56,Failed,Failed,Failed
Region 6,Aklan River,A/B,BOD,1.94,1.8,1.29,Passed,Passed,Passed
Region 6,Aklan River,A/B,CHLORIDE,,,,No Monitoring,No Monitoring,No Monitoring
Region 6,Aklan River,A/B,COLOR,6,5.42,5.91,Passed,Passed,Passed
Region 6,Aklan River,A/B,DO,8.02,6.28,7.91,Passed,Passed,Passed
Region 6,Aklan River,A/B,FECAL COLIFORM,4131.82,28567.29,36821.6,Failed,Failed,Failed
Region 6,Aklan River,A/B,NITRATE,,,,No Monitoring,No Monitoring,No Monitoring
Region 6,Aklan River,A/B,PH,6.7,7.71,7,Passed,Passed,Passed
Region 6,Aklan River,A/B,PHOSPHATE,0.28,0.7,0.13,Passed,Passed,Passed
Region 6,Aklan River,A/B,TEMPERATURE,28.12,25.58,26.41,Passed,Passed,Passed
Region 6,Aklan River,A/B,TSS,33.66,23.33,87.15,Passed,Passed,Failed
Region 10,Alae River,A/C,BOD,4,103.67,2.37,Passed,Passed,Passed
Region 10,Alae River,A/C,CHLORIDE,219.69,143.48,272.51,Passed,Passed,Passed
Region 10,Alae River,A/C,COLOR,28.33,37.88,28.7,Passed,Passed,Passed
Region 10,Alae River,A/C,DO,6.59,6.07,6.24,Passed,Passed,Passed
Region 10,Alae River,A/C,FECAL COLIFORM,21973.02,406073.29,63849.19,Failed,Failed,Failed
Region 10,Alae River,A/C,NITRATE,0.6,0.48,0.39,Passed,Passed,Passed
Region 10,Alae River,A/C,PH,7.27,7.36,7.4,Passed,Passed,Passed
Region 10,Alae River,A/C,PHOSPHATE,0.67,0.66,0.21,Failed,Passed,Passed
Region 10,Alae River,A/C,TEMPERATURE,27,28.38,26.58,Passed,Passed,Passed
Region 10,Alae River,A/C,TSS,59.29,112.46,206.96,Passed,Failed,Failed
CAR,Ambulalacao Lake,AA,BOD,1,1,1,Passed,Passed,Passed
CAR,Ambulalacao Lake,AA,CHLORIDE,,,13,No Monitoring,No Monitoring,Passed
CAR,Ambulalacao Lake,AA,COLOR,,5,5,No Monitoring,Passed,Passed
CAR,Ambulalacao Lake,AA,DO,7.13,8.52,5.21,Passed,Passed,Passed
CAR,Ambulalacao Lake,AA,FECAL COLIFORM,1106.11,989.95,200,Failed,Failed,Passed
CAR,Ambulalacao Lake,AA,NITRATE,,20,22,No Monitoring,Failed,Failed
CAR,Ambulalacao Lake,AA,PH,8.66,5.85,6.65,Failed,Passed,Passed
CAR,Ambulalacao Lake,AA,PHOSPHATE,0.02,0.03,0.02,Failed,Passed,Passed
CAR,Ambulalacao Lake,AA,TEMPERATURE,16.95,17.76,18.51,Failed,Failed,Passed
CAR,Ambulalacao Lake,AA,TSS,4.25,4.5,5,Passed,Passed,Passed
CAR,Amburayan River,B,BOD,1.08,1.09,0.73,Passed,Passed,Passed
CAR,Amburayan River,B,CHLORIDE,2.95,9.93,10.11,Passed,Passed,Passed
CAR,Amburayan River,B,COLOR,5,5,,Passed,Passed,No Monitoring
CAR,Amburayan River,B,DO,10.67,9.59,7.39,Passed,Passed,Passed
CAR,Amburayan River,B,FECAL COLIFORM,11778.56,99216.95,120791.54,Failed,Failed,Failed
CAR,Amburayan River,B,NITRATE,0.8,14.57,4.1,Passed,Failed,Passed
CAR,Amburayan River,B,PH,7.6,6.05,7.71,Passed,Passed,Passed
CAR,Amburayan River,B,PHOSPHATE,0.03,0.04,0.05,Passed,Passed,Passed
CAR,Amburayan River,B,TEMPERATURE,22.12,21.44,21.01,Failed,Failed,Passed
CAR,Amburayan River,B,TSS,12.93,10.78,18.57,Passed,Passed,Passed
Region 5,Anayan River,D,BOD,2.32,2.95,2.03,Passed,Passed,Passed
Region 5,Anayan River,D,CHLORIDE,,7.04,6.25,No Monitoring,Passed,Passed
Region 5,Anayan River,D,COLOR,28.89,23.33,24.31,Passed,Passed,Passed
Region 5,Anayan River,D,DO,4.64,5.74,5.66,Passed,Passed,Passed
Region 5,Anayan River,D,FECAL COLIFORM,,64704.67,33127.45,No Monitoring,Failed,Failed
Region 5,Anayan River,D,NITRATE,0.3,0.43,0.44,Passed,Passed,Passed
Region 5,Anayan River,D,PH,7.24,7.95,7.79,Passed,Passed,Passed
Region 5,Anayan River,D,PHOSPHATE,0.24,1.02,0.21,Passed,Failed,Passed
Region 5,Anayan River,D,TEMPERATURE,27.4,26.82,27.45,Passed,Passed,Passed
Region 5,Anayan River,D,TSS,31.61,61.75,32.56,Passed,Passed,Passed
Region 3,Angat River,C,BOD,8.83,9.89,9.42,Failed,Failed,Failed
Region 3,Angat River,C,CHLORIDE,806.17,348.56,814.58,Failed,Passed,Failed
Region 3,Angat River,C,COLOR,16.67,14.44,11.25,Passed,Passed,Passed
Region 3,Angat River,C,DO,4.9,4.56,4.1,Failed,Failed,Failed
Region 3,Angat River,C,FECAL COLIFORM,24399.49,37885.49,29167.42,Failed,Failed,Failed
Region 3,Angat River,C,NITRATE,1.04,0.26,0.69,Passed,Passed,Passed
Region 3,Angat River,C,PH,6.95,7.66,7.33,Passed,Passed,Passed
Region 3,Angat River,C,PHOSPHATE,0.22,0.16,0.13,Passed,Passed,Passed
Region 3,Angat River,C,TEMPERATURE,30.92,27.87,29.32,Passed,Passed,Passed
Region 3,Angat River,C,TSS,15.67,39.67,15.42,Passed,Passed,Passed
Region 7,Argao River,A/B,BOD,1.77,2.25,2.25,Passed,Passed,Passed
Region 7,Argao River,A/B,CHLORIDE,16.39,69.63,16.5,Passed,Passed,Passed
Region 7,Argao River,A/B,COLOR,5,4,5,Passed,Passed,Passed
Region 7,Argao River,A/B,DO,7.87,7.32,6.58,Passed,Passed,Passed
Region 7,Argao River,A/B,FECAL COLIFORM,10896.39,853.33,4267.87,Failed,Failed,Failed
Region 7,Argao River,A/B,NITRATE,0.2,0.41,0.34,Passed,Passed,Passed
Region 7,Argao River,A/B,PH,8.17,7.48,7.35,Passed,Passed,Passed
Region 7,Argao River,A/B,PHOSPHATE,0.03,0.18,0.02,Passed,Passed,Passed
Region 7,Argao River,A/B,TEMPERATURE,26.1,,26.83,Passed,No Monitoring,Passed
Region 7,Argao River,A/B,TSS,107.9,105.5,20.25,Failed,Failed,Passed
CAR,Asin Gallano River,B,BOD,1.87,1.07,0.97,Passed,Passed,Passed
CAR,Asin Gallano River,B,CHLORIDE,,9.7,12,No Monitoring,Passed,Passed
CAR,Asin Gallano River,B,COLOR,,5,5,No Monitoring,Passed,Passed
CAR,Asin Gallano River,B,DO,17.34,8.38,8.48,Passed,Passed,Passed
CAR,Asin Gallano River,B,FECAL COLIFORM,60131.25,9927.8,46340.52,Failed,Failed,Failed
CAR,Asin Gallano River,B,NITRATE,0.1,11.14,7.27,Passed,Passed,Failed
CAR,Asin Gallano River,B,PH,8.52,6.6,8.62,Failed,Passed,Passed
CAR,Asin Gallano River,B,PHOSPHATE,0.15,0.07,0.12,Passed,Passed,Passed
CAR,Asin Gallano River,B,TEMPERATURE,25.2,25.03,24.92,Failed,Passed,Passed
CAR,Asin Gallano River,B,TSS,73.94,22.5,12.59,Failed,Passed,Passed
Region 11,Baganga Mahan-Ub River,A,BOD,8.59,0.37,0.78,Failed,Passed,Passed
Region 11,Baganga Mahan-Ub River,A,CHLORIDE,1216.65,80.56,275.68,Failed,Passed,Passed
Region 11,Baganga Mahan-Ub River,A,COLOR,8.31,11.25,8.75,Passed,Passed,Passed
Region 11,Baganga Mahan-Ub River,A,DO,8.59,8.39,8,Passed,Passed,Passed
Region 11,Baganga Mahan-Ub River,A,FECAL COLIFORM,,,,No Monitoring,No Monitoring,No Monitoring
Region 11,Baganga Mahan-Ub River,A,NITRATE,,,5.85,No Monitoring,No Monitoring,Passed
Region 11,Baganga Mahan-Ub River,A,PH,8.2,8.04,8.11,Passed,Passed,Passed
Region 11,Baganga Mahan-Ub River,A,PHOSPHATE,0.21,0.28,0.08,Passed,Passed,Passed
Region 11,Baganga Mahan-Ub River,A,TEMPERATURE,28.69,28.13,27.56,Passed,Passed,Passed
Region 11,Baganga Mahan-Ub River,A,TSS,15.33,49.53,27.6,Passed,Passed,Passed
Region 7,Bagatayam River,A,BOD,1.19,1.63,2.88,Passed,Passed,Passed
Region 7,Bagatayam River,A,CHLORIDE,12.5,12.75,20.38,Passed,Passed,Passed
Region 7,Bagatayam River,A,COLOR,4.25,5,5,Passed,Passed,Passed
Region 7,Bagatayam River,A,DO,7.78,5.8,5.91,Passed,Passed,Passed
Region 7,Bagatayam River,A,FECAL COLIFORM,4925.83,23,23,Failed,Passed,Passed
Region 7,Bagatayam River,A,NITRATE,3.34,2.51,2.11,Passed,Passed,Passed
Region 7,Bagatayam River,A,PH,7.8,7.31,7.59,Passed,Passed,Passed
Region 7,Bagatayam River,A,PHOSPHATE,0.02,0.05,0.05,Passed,Passed,Passed
Region 7,Bagatayam River,A,TEMPERATURE,24.51,27.24,27.84,Failed,Passed,Passed
Region 7,Bagatayam River,A,TSS,6.38,18.38,10.75,Passed,Passed,Passed
Region 6,Bago River,C,BOD,2.2,1.48,2.35,Passed,Passed,Passed
Region 6,Bago River,C,CHLORIDE,,,,No Monitoring,No Monitoring,No Monitoring
Region 6,Bago River,C,COLOR,11.33,13.33,18.17,Passed,Passed,Passed
Region 6,Bago River,C,DO,7.52,6.56,9.47,Passed,Passed,Passed
Region 6,Bago River,C,FECAL COLIFORM,28640.95,173050,50271.67,Failed,Failed,Failed
Region 6,Bago River,C,NITRATE,,,,No Monitoring,No Monitoring,No Monitoring
Region 6,Bago River,C,PH,6.57,7.92,6.82,Passed,Passed,Passed
Region 6,Bago River,C,PHOSPHATE,0.23,0.27,0.13,Passed,Passed,Passed
Region 6,Bago River,C,TEMPERATURE,27.5,29.42,28.36,Passed,Passed,Passed
Region 6,Bago River,C,TSS,28.94,25.17,68.13,Passed,Passed,Passed
CAR,Balili River,A/B,BOD,59.21,12.55,17.71,Failed,Failed,Failed
CAR,Balili River,A/B,CHLORIDE,,22.06,34.7,No Monitoring,Passed,Passed
CAR,Balili River,A/B,COLOR,,11.7,16.16,No Monitoring,Passed,Passed
CAR,Balili River,A/B,DO,5.11,5.2,4.57,Passed,Passed,Failed
CAR,Balili River,A/B,FECAL COLIFORM,200938976993,3832476811957,418379746191,Failed,Failed,Failed
CAR,Balili River,A/B,NITRATE,,0.68,0.68,No Monitoring,Passed,Passed
CAR,Balili River,A/B,PH,14.92,5.73,7.75,Failed,Failed,Passed
CAR,Balili River,A/B,PHOSPHATE,1.72,0.68,1.21,Failed,Failed,Failed
CAR,Balili River,A/B,TEMPERATURE,21.06,22.75,23.01,Failed,Failed,Passed
CAR,Balili River,A/B,TSS,77.09,17.91,19.3,Failed,Passed,Passed
Region 5,Balos River,B,BOD,1.93,1.65,1.74,Passed,Passed,Passed
Region 5,Balos River,B,CHLORIDE,,5.73,5.11,No Monitoring,Passed,Passed
Region 5,Balos River,B,COLOR,12.86,9.71,12.81,Passed,Passed,Passed
Region 5,Balos River,B,DO,6.57,6.23,6.36,Passed,Passed,Passed
Region 5,Balos River,B,FECAL COLIFORM,32433101.4,2756582,10178020,Failed,Failed,Failed
Region 5,Balos River,B,NITRATE,0.42,0.3,0.36,Passed,Passed,Passed
Region 5,Balos River,B,PH,7.51,7.64,7.83,Passed,Passed,Passed
Region 5,Balos River,B,PHOSPHATE,0.2,0.17,0.18,Passed,Passed,Passed
Region 5,Balos River,B,TEMPERATURE,28.46,28.52,29.05,Passed,Passed,Passed
Region 5,Balos River,B,TSS,15.28,19.04,29.54,Passed,Passed,Passed
Region 8,Bao River,C,BOD,,1.59,2.65,No Monitoring,Passed,Passed
Region 8,Bao River,C,CHLORIDE,,,,No Monitoring,No Monitoring,No Monitoring
Region 8,Bao River,C,COLOR,,15.23,5.09,No Monitoring,Passed,Passed
Region 8,Bao River,C,DO,8.16,9.63,6.71,Passed,Passed,Passed
Region 8,Bao River,C,FECAL COLIFORM,441.17,467.34,2643.2,Failed,Failed,Failed
Region 8,Bao River,C,NITRATE,,,,No Monitoring,No Monitoring,No Monitoring
Region 8,Bao River,C,PH,7.14,7.97,7.75,Passed,Passed,Passed
Region 8,Bao River,C,PHOSPHATE,,,,No Monitoring,No Monitoring,No Monitoring
Region 8,Bao River,C,TEMPERATURE,30.18,26.32,26.62,Passed,Passed,Passed
Region 8,Bao River,C,TSS,12.44,13.75,15.54,Passed,Passed,Passed
Region 6,Batiano River,A,BOD,5.9,7.43,5.87,Failed,Failed,Failed
Region 6,Batiano River,A,CHLORIDE,,,,No Monitoring,No Monitoring,No Monitoring
Region 6,Batiano River,A,COLOR,26.19,24.05,22.47,Passed,Passed,Passed
Region 6,Batiano River,A,DO,6.16,5.49,5.25,Passed,Passed,Passed
Region 6,Batiano River,A,FECAL COLIFORM,11981.69,32281.89,83731.18,Failed,Failed,Failed
Region 6,Batiano River,A,NITRATE,,,,No Monitoring,No Monitoring,No Monitoring
Region 6,Batiano River,A,PH,6.62,7.67,7.07,Passed,Passed,Passed
Region 6,Batiano River,A,PHOSPHATE,1.44,1.87,0.47,Failed,Failed,Passed
Region 6,Batiano River,A,TEMPERATURE,29.38,29.58,29.27,Passed,Passed,Passed
Region 6,Batiano River,A,TSS,80.24,37.29,26.05,Failed,Passed,Passed
Region 10,Bigaan River,A/C,BOD,1.82,3.33,2.63,Passed,Passed,Passed
Region 10,Bigaan River,A/C,CHLORIDE,191.92,42.13,2.63,Passed,Passed,Passed
Region 10,Bigaan River,A/C,COLOR,18.33,,30,Passed,No Monitoring,Passed
Region 10,Bigaan River,A/C,DO,7.82,7.36,8.36,Passed,Passed,Passed
Region 10,Bigaan River,A/C,FECAL COLIFORM,5657.26,28722.94,40680.87,Failed,Failed,Failed
Region 10,Bigaan River,A/C,NITRATE,0.37,0.58,1.29,Passed,Passed,Passed
Region 10,Bigaan River,A/C,PH,8.14,8.05,8.31,Passed,Passed,Passed
Region 10,Bigaan River,A/C,PHOSPHATE,0.27,0.23,0.39,Passed,Passed,Passed
Region 10,Bigaan River,A/C,TEMPERATURE,27.33,28.28,27.64,Passed,Passed,Passed
Region 10,Bigaan River,A/C,TSS,6.5,17.56,22.6,Passed,Passed,Passed
Region 8,Binahaan River,C,BOD,13.57,1.43,1.44,Failed,Passed,Passed
Region 8,Binahaan River,C,CHLORIDE,,,,No Monitoring,No Monitoring,No Monitoring
Region 8,Binahaan River,C,COLOR,,9.93,10.72,No Monitoring,Passed,Passed
Region 8,Binahaan River,C,DO,7.48,8.8,6.9,Passed,Passed,Passed
Region 8,Binahaan River,C,FECAL COLIFORM,4751.24,3408.73,26901.44,Failed,Failed,Failed
Region 8,Binahaan River,C,NITRATE,,,,No Monitoring,No Monitoring,No Monitoring
Region 8,Binahaan River,C,PH,7.59,7.69,8.1,Passed,Passed,Passed
Region 8,Binahaan River,C,PHOSPHATE,,,,No Monitoring,No Monitoring,No Monitoring
Region 8,Binahaan River,C,TEMPERATURE,27.78,27.29,27.89,Passed,Passed,Passed
Region 8,Binahaan River,C,TSS,83.81,55.26,64.02,Failed,Passed,Passed
Region 4B,Boac River,C,BOD,,15.6,1.47,No Monitoring,Failed,Passed
Region 4B,Boac River,C,CHLORIDE,,,6.21,No Monitoring,No Monitoring,Passed
Region 4B,Boac River,C,COLOR,,4.9,4.9,No Monitoring,Passed,Passed
Region 4B,Boac River,C,DO,,8.45,,No Monitoring,Passed,No Monitoring
Region 4B,Boac River,C,FECAL COLIFORM,,119.05,,No Monitoring,Passed,No Monitoring
Region 4B,Boac River,C,NITRATE,,,0.05,No Monitoring,No Monitoring,Passed
Region 4B,Boac River,C,PH,,8.37,,No Monitoring,Passed,No Monitoring
Region 4B,Boac River,C,PHOSPHATE,,0.02,0.05,No Monitoring,Passed,Passed
Region 4B,Boac River,C,TEMPERATURE,,29.33,,No Monitoring,Passed,No Monitoring
Region 4B,Boac River,C,TSS,6.47,6.17,5.86,Passed,Passed,Passed
Region 3,Bocaue River,C,BOD,36.71,32.42,21,Failed,Failed,Failed
Region 3,Bocaue River,C,CHLORIDE,1113.13,2416.33,1798.08,Failed,Failed,Failed
Region 3,Bocaue River,C,COLOR,76.25,35.25,31.67,Failed,Passed,Passed
Region 3,Bocaue River,C,DO,2.55,1.15,3.87,Failed,Failed,Failed
Region 3,Bocaue River,C,FECAL COLIFORM,740411.73,647856.36,179972,Failed,Failed,Failed
Region 3,Bocaue River,C,NITRATE,0.48,0.92,0.71,Passed,Passed,Passed
Region 3,Bocaue River,C,PH,7.6,7.83,7.43,Passed,Passed,Passed
Region 3,Bocaue River,C,PHOSPHATE,3.06,2.8,1.23,Failed,Failed,Failed
Region 3,Bocaue River,C,TEMPERATURE,30.62,31.48,28.69,Passed,Passed,Passed
Region 3,Bocaue River,C,TSS,37.54,23.92,39.5,Passed,Passed,Passed
CAR,Bued River,B,BOD,9.65,,2.4,Failed,No Monitoring,Passed
CAR,Bued River,B,CHLORIDE,,,9.52,No Monitoring,No Monitoring,Passed
CAR,Bued River,B,COLOR,,,5.21,No Monitoring,No Monitoring,Passed
CAR,Bued River,B,DO,10.05,8.51,7.21,Passed,Passed,Passed
CAR,Bued River,B,FECAL COLIFORM,1313586.19,,1289501.53,Failed,No Monitoring,Failed
CAR,Bued River,B,NITRATE,,,7.88,No Monitoring,No Monitoring,Failed
CAR,Bued River,B,PH,8.26,7.04,8.49,Passed,Passed,Passed
CAR,Bued River,B,PHOSPHATE,0.42,,0.63,Passed,No Monitoring,Failed
CAR,Bued River,B,TEMPERATURE,22.51,24.11,24.2,Failed,Failed,Passed
CAR,Bued River,B,TSS,129.07,117.18,137.74,Failed,Failed,Failed
Region 7,Bulacao River,D,BOD,25.53,43.25,29.5,Failed,Failed,Failed
Region 7,Bulacao River,D,CHLORIDE,28.84,36.4,41.75,Passed,Passed,Passed
Region 7,Bulacao River,D,COLOR,10.6,8,5,Passed,Passed,Passed
Region 7,Bulacao River,D,DO,2.77,3.53,2.92,Passed,Failed,Failed
Region 7,Bulacao River,D,FECAL COLIFORM,9018168.65,2329324.92,1168358.7,Failed,Failed,Failed
Region 7,Bulacao River,D,NITRATE,0.61,0.57,0.19,Passed,Passed,Passed
Region 7,Bulacao River,D,PH,7.91,7.72,8.04,Passed,Passed,Passed
Region 7,Bulacao River,D,PHOSPHATE,0.4,0.41,0.32,Passed,Passed,Passed
Region 7,Bulacao River,D,TEMPERATURE,20.65,25.4,26.7,Failed,Failed,Passed
Region 7,Bulacao River,D,TSS,44.68,16.4,24.5,Passed,Passed,Passed
Region 11,Bunawan River,B/C,BOD,2.55,4.12,3.53,Passed,Passed,Passed
Region 11,Bunawan River,B/C,CHLORIDE,120.45,12.52,19.27,Passed,Passed,Passed
Region 11,Bunawan River,B/C,COLOR,20.03,35.63,18.1,Passed,Passed,Passed
Region 11,Bunawan River,B/C,DO,6.77,7.24,6.93,Passed,Passed,Passed
Region 11,Bunawan River,B/C,FECAL COLIFORM,,,,No Monitoring,No Monitoring,No Monitoring
Region 11,Bunawan River,B/C,NITRATE,2.75,,13.56,Passed,No Monitoring,Failed
Region 11,Bunawan River,B/C,PH,8.44,8.48,8.23,Passed,Passed,Passed
Region 11,Bunawan River,B/C,PHOSPHATE,1.05,0.47,0.7,Failed,Failed,Failed
Region 11,Bunawan River,B/C,TEMPERATURE,29.94,29.44,28.9,Passed,Passed,Passed
Region 11,Bunawan River,B/C,TSS,80.91,29.78,142.99,Failed,Passed,Failed
Region 7,Butuanon River,D,BOD,73.78,65.2,111.57,Failed,Failed,Failed
Region 7,Butuanon River,D,CHLORIDE,31.89,133,118.51,Passed,Passed,Passed
Region 7,Butuanon River,D,COLOR,31.89,21.19,13.18,Passed,Passed,Passed
Region 7,Butuanon River,D,DO,2.15,3.28,3.79,Passed,Failed,Failed
Region 7,Butuanon River,D,FECAL COLIFORM,5997498.79,2843577.54,2431321.09,Failed,Failed,Failed
Region 7,Butuanon River,D,NITRATE,0.41,0.26,0.67,Passed,Passed,Passed
Region 7,Butuanon River,D,PH,8.43,7.82,7.68,Passed,Passed,Passed
Region 7,Butuanon River,D,PHOSPHATE,2.4,0.47,0.38,Passed,Passed,Passed
Region 7,Butuanon River,D,TEMPERATURE,26.8,27.06,28.27,Passed,Passed,Passed
Region 7,Butuanon River,D,TSS,158.71,64.07,62.07,Failed,Failed,Passed
Region 13,Cabadbaran River,A,BOD,0.75,0.91,0.69,Passed,Passed,Passed
Region 13,Cabadbaran River,A,CHLORIDE,534.07,746.59,364.55,Failed,Failed,Failed
Region 13,Cabadbaran River,A,COLOR,2.84,3.5,4.78,Passed,Passed,Passed
Region 13,Cabadbaran River,A,DO,9.42,7.34,7.17,Passed,Passed,Passed
Region 13,Cabadbaran River,A,FECAL COLIFORM,811.2,1695.46,1859.89,Failed,Failed,Failed
Region 13,Cabadbaran River,A,NITRATE,,,0.25,No Monitoring,No Monitoring,Passed
Region 13,Cabadbaran River,A,PH,8.47,8.06,7.96,Passed,Passed,Passed
Region 13,Cabadbaran River,A,PHOSPHATE,0.01,0.01,0.01,Passed,Passed,Passed
Region 13,Cabadbaran River,A,TEMPERATURE,27.04,26.96,28.25,Passed,Passed,Passed
Region 13,Cabadbaran River,A,TSS,27.22,11.96,14.13,Passed,Passed,Passed
Region 10,Cagayan De Oro River,A,BOD,1.39,2.6,2.7,Passed,Passed,Passed
Region 10,Cagayan De Oro River,A,CHLORIDE,104.33,14.83,21.35,Passed,Passed,Passed
Region 10,Cagayan De Oro River,A,COLOR,30.5,30.18,24,Passed,Passed,Passed
Region 10,Cagayan De Oro River,A,DO,8.32,8.43,8.48,Passed,Passed,Passed
Region 10,Cagayan De Oro River,A,FECAL COLIFORM,4443.33,22427.78,16900,Failed,Failed,Failed
Region 10,Cagayan De Oro River,A,NITRATE,0.25,0.41,0.59,Passed,Passed,Passed
Region 10,Cagayan De Oro River,A,PH,8.05,8.12,8.04,Passed,Passed,Passed
Region 10,Cagayan De Oro River,A,PHOSPHATE,0.23,0.21,0.06,Passed,Passed,Passed
Region 10,Cagayan De Oro River,A,TEMPERATURE,26.3,26.55,26.4,Passed,Passed,Passed
Region 10,Cagayan De Oro River,A,TSS,16.2,49.82,27.2,Passed,Passed,Passed
Region 4B,Calapan River,C,BOD,11.16,12.95,18.11,Failed,Failed,Failed
Region 4B,Calapan River,C,CHLORIDE,,17.64,50.36,No Monitoring,Passed,Passed
Region 4B,Calapan River,C,COLOR,,45.71,28.45,No Monitoring,Passed,Passed
Region 4B,Calapan River,C,DO,3.38,2.26,3.11,Failed,Failed,Failed
Region 4B,Calapan River,C,FECAL COLIFORM,88816.7,41984.61,103376.29,Failed,Failed,Failed
Region 4B,Calapan River,C,NITRATE,,1.76,0.45,No Monitoring,Passed,Passed
Region 4B,Calapan River,C,PH,7.31,7.29,6.99,Passed,Passed,Passed
Region 4B,Calapan River,C,PHOSPHATE,0.49,0.45,0.25,Passed,Passed,Passed
Region 4B,Calapan River,C,TEMPERATURE,26.96,27.86,27.74,Passed,Passed,Passed
Region 4B,Calapan River,C,TSS,16,16.11,14.45,Passed,Passed,Passed
Region 4A,Calibuyo River,C,BOD,19.67,8.25,8.11,Failed,Failed,Failed
Region 4A,Calibuyo River,C,CHLORIDE,70,5832.75,1801.67,Passed,Failed,Failed
Region 4A,Calibuyo River,C,COLOR,15,20,20.83,Passed,Passed,Passed
Region 4A,Calibuyo River,C,DO,5.8,2.88,4.01,Passed,Failed,Failed
Region 4A,Calibuyo River,C,FECAL COLIFORM,44570.58,31.25,63043.04,Failed,Passed,Failed
Region 4A,Calibuyo River,C,NITRATE,1.36,0.26,1.61,Passed,Passed,Passed
Region 4A,Calibuyo River,C,PH,7.03,7.61,7.69,Passed,Passed,Passed
Region 4A,Calibuyo River,C,PHOSPHATE,0.69,0.97,0.92,Failed,Failed,Failed
Region 4A,Calibuyo River,C,TEMPERATURE,28,24.25,23.78,Passed,Failed,Passed
Region 4A,Calibuyo River,C,TSS,9.33,15,36.4,Passed,Passed,Passed
Region 4A,Calumpang River,C,BOD,9.25,55.67,4.3,Failed,Failed,Passed
Region 4A,Calumpang River,C,CHLORIDE,2243.5,23.67,13929.61,Failed,Passed,Failed
Region 4A,Calumpang River,C,COLOR,12.5,11.11,11.78,Passed,Passed,Passed
Region 4A,Calumpang River,C,DO,5.08,2.21,5.24,Passed,Failed,Passed
Region 4A,Calumpang River,C,FECAL COLIFORM,15216.38,35002.47,9855.91,Failed,Failed,Failed
Region 4A,Calumpang River,C,NITRATE,0.73,0.98,2,Passed,Passed,Passed
Region 4A,Calumpang River,C,PH,7.49,7.59,7.72,Passed,Passed,Passed
Region 4A,Calumpang River,C,PHOSPHATE,2.46,1.47,0.95,Failed,Failed,Failed
Region 4A,Calumpang River,C,TEMPERATURE,27.77,23.33,24.78,Passed,Failed,Passed
Region 4A,Calumpang River,C,TSS,33.75,34.22,22.39,Passed,Passed,Passed
Region 4A,Cañas River,C,BOD,5.63,2.67,15.3,Passed,Passed,Failed
Region 4A,Cañas River,C,CHLORIDE,699.11,752.82,1536.07,Failed,Failed,Failed
Region 4A,Cañas River,C,COLOR,9.37,9.71,13.56,Passed,Passed,Passed
Region 4A,Cañas River,C,DO,5.7,4.8,4.69,Passed,Failed,Failed
Region 4A,Cañas River,C,FECAL COLIFORM,139461.08,181803.17,204898.89,Failed,Failed,Failed
Region 4A,Cañas River,C,NITRATE,1.18,1.13,2.04,Passed,Passed,Passed
Region 4A,Cañas River,C,PH,7.74,7.7,7.71,Passed,Passed,Passed
Region 4A,Cañas River,C,PHOSPHATE,1.09,0.71,1.26,Failed,Failed,Failed
Region 4A,Cañas River,C,TEMPERATURE,28.52,24.03,24.64,Passed,Failed,Passed
Region 4A,Cañas River,C,TSS,52.89,64.57,80.98,Passed,Passed,Failed
Region 8,Canturing River,C,BOD,6.82,2.37,1.8,Passed,Passed,Passed
Region 8,Canturing River,C,CHLORIDE,,,,No Monitoring,No Monitoring,No Monitoring
Region 8,Canturing River,C,COLOR,,0.36,2.97,No Monitoring,Passed,Passed
Region 8,Canturing River,C,DO,8.06,10.54,7.41,Passed,Passed,Passed
Region 8,Canturing River,C,FECAL COLIFORM,5486.76,916.43,5145.44,Failed,Failed,Failed
Region 8,Canturing River,C,NITRATE,,,,No Monitoring,No Monitoring,No Monitoring
Region 8,Canturing River,C,PH,7.49,7.91,7.96,Passed,Passed,Passed
Region 8,Canturing River,C,PHOSPHATE,,,,No Monitoring,No Monitoring,No Monitoring
Region 8,Canturing River,C,TEMPERATURE,28.44,28.11,27.34,Passed,Passed,Passed
Region 8,Canturing River,C,TSS,5.65,9.16,11.29,Passed,Passed,Passed
Region 11,Cateel River,A,BOD,0.94,0.64,0.76,Passed,Passed,Passed
Region 11,Cateel River,A,CHLORIDE,1056.98,214.59,336.1,Failed,Failed,Passed
Region 11,Cateel River,A,COLOR,5.25,6.17,7.91,Passed,Passed,Passed
Region 11,Cateel River,A,DO,8.41,8.11,8.29,Passed,Passed,Passed
Region 11,Cateel River,A,FECAL COLIFORM,,,,No Monitoring,No Monitoring,No Monitoring
Region 11,Cateel River,A,NITRATE,,,8.61,No Monitoring,No Monitoring,Failed
Region 11,Cateel River,A,PH,8.28,8.15,8.22,Passed,Passed,Passed
Region 11,Cateel River,A,PHOSPHATE,0.21,0.14,0.06,Passed,Passed,Passed
Region 11,Cateel River,A,TEMPERATURE,28.38,26.58,27.96,Passed,Passed,Passed
Region 11,Cateel River,A,TSS,4.18,15.42,50.24,Passed,Passed,Passed
Region 7,Cotcot River,A,BOD,15.64,4.25,3,Failed,Passed,Passed
Region 7,Cotcot River,A,CHLORIDE,4587.27,64,103.05,Failed,Failed,Passed
Region 7,Cotcot River,A,COLOR,10.5,6.25,20,Passed,Passed,Passed
Region 7,Cotcot River,A,DO,6.87,7.21,3.04,Passed,Passed,Failed
Region 7,Cotcot River,A,FECAL COLIFORM,99935.56,23,23,Failed,Passed,Passed
Region 7,Cotcot River,A,NITRATE,0.44,1.05,0.39,Passed,Passed,Passed
Region 7,Cotcot River,A,PH,7.96,7.8,8.5,Passed,Passed,Passed
Region 7,Cotcot River,A,PHOSPHATE,0.14,0.05,0.1,Passed,Passed,Passed
Region 7,Cotcot River,A,TEMPERATURE,24.54,,30.15,Failed,No Monitoring,Passed
Region 7,Cotcot River,A,TSS,86.18,66.75,59.5,Failed,Failed,Passed
Region 10,Cugman River,A/C,BOD,1.86,2.88,2,Passed,Passed,Passed
Region 10,Cugman River,A/C,CHLORIDE,144.55,135.02,366.92,Passed,Passed,Failed
Region 10,Cugman River,A/C,COLOR,69.33,53.7,20.88,Passed,Passed,Passed
Region 10,Cugman River,A/C,DO,8.7,8.08,7.71,Passed,Passed,Passed
Region 10,Cugman River,A/C,FECAL COLIFORM,5272.26,10219.68,11309.46,Failed,Failed,Failed
Region 10,Cugman River,A/C,NITRATE,0.55,0.58,0.56,Passed,Passed,Passed
Region 10,Cugman River,A/C,PH,7.93,8.03,7.86,Passed,Passed,Passed
Region 10,Cugman River,A/C,PHOSPHATE,0.16,0.2,0.06,Passed,Passed,Passed
Region 10,Cugman River,A/C,TEMPERATURE,22.33,26.98,27.18,Failed,Passed,Passed
Region 10,Cugman River,A/C,TSS,29.13,85.22,27.17,Passed,Passed,Passed
Region 7,Danao River,A/B,BOD,3.13,2.92,2.5,Passed,Passed,Passed
Region 7,Danao River,A/B,CHLORIDE,2876.06,25,185.51,Failed,Failed,Passed
Region 7,Danao River,A/B,COLOR,5,5,15,Passed,Passed,Passed
Region 7,Danao River,A/B,DO,8.05,5.4,3.73,Passed,Passed,Failed
Region 7,Danao River,A/B,FECAL COLIFORM,20091.12,988.87,1779.6,Failed,Failed,Failed
Region 7,Danao River,A/B,NITRATE,0.15,0.4,0.29,Passed,Passed,Passed
Region 7,Danao River,A/B,PH,8.34,7.57,8.8,Passed,Passed,Passed
Region 7,Danao River,A/B,PHOSPHATE,0.03,0.01,0.14,Passed,Passed,Passed
Region 7,Danao River,A/B,TEMPERATURE,24.54,,29.7,Failed,No Monitoring,Passed
Region 7,Danao River,A/B,TSS,14.56,16.08,54.25,Passed,Passed,Passed
Region 11,Dapnan River,A,BOD,0.77,0.56,1.18,Passed,Passed,Passed
Region 11,Dapnan River,A,CHLORIDE,22.1,1225.57,532.69,Passed,Failed,Failed
Region 11,Dapnan River,A,COLOR,9.83,8.33,15.42,Passed,Passed,Passed
Region 11,Dapnan River,A,DO,8.01,8.32,7.38,Passed,Passed,Passed
Region 11,Dapnan River,A,FECAL COLIFORM,,,,No Monitoring,No Monitoring,No Monitoring
Region 11,Dapnan River,A,NITRATE,,,8.13,No Monitoring,No Monitoring,Failed
Region 11,Dapnan River,A,PH,8.24,8.17,8.03,Passed,Passed,Passed
Region 11,Dapnan River,A,PHOSPHATE,0.28,0.19,0.51,Passed,Passed,Failed
Region 11,Dapnan River,A,TEMPERATURE,29.17,28.67,27.83,Passed,Passed,Passed
Region 11,Dapnan River,A,TSS,15.07,20.6,46.67,Passed,Passed,Passed
Region 11,Davao River,A/B,BOD,1.25,1.16,1.74,Passed,Passed,Passed
Region 11,Davao River,A/B,CHLORIDE,99.36,137.7,63.66,Passed,Passed,Passed
Region 11,Davao River,A/B,COLOR,24.25,20.52,14.77,Passed,Passed,Passed
Region 11,Davao River,A/B,DO,7.61,7.21,7.41,Passed,Passed,Passed
Region 11,Davao River,A/B,FECAL COLIFORM,9368.33,20545.73,11494.72,Failed,Failed,Failed
Region 11,Davao River,A/B,NITRATE,1.24,,5.28,Passed,No Monitoring,Passed
Region 11,Davao River,A/B,PH,8.3,8.13,8.38,Passed,Passed,Passed
Region 11,Davao River,A/B,PHOSPHATE,1.36,0.27,0.18,Failed,Passed,Passed
Region 11,Davao River,A/B,TEMPERATURE,27.7,28.57,27.97,Passed,Passed,Passed
Region 11,Davao River,A/B,TSS,451.37,816.59,729.79,Failed,Failed,Failed
Region 4A,Dumacaa River,C,BOD,4.84,4.07,2.88,Passed,Passed,Passed
Region 4A,Dumacaa River,C,CHLORIDE,306.5,272.85,667.55,Passed,Passed,Failed
Region 4A,Dumacaa River,C,COLOR,10.53,16,10.6,Passed,Passed,Passed
Region 4A,Dumacaa River,C,DO,6.22,5.36,6.89,Passed,Passed,Passed
Region 4A,Dumacaa River,C,FECAL COLIFORM,57201.15,43766.76,61813.01,Failed,Failed,Failed
Region 4A,Dumacaa River,C,NITRATE,1.51,0.87,0.34,Passed,Passed,Passed
Region 4A,Dumacaa River,C,PH,7.28,7.57,7.72,Passed,Passed,Passed
Region 4A,Dumacaa River,C,PHOSPHATE,0.73,0.56,0.23,Failed,Failed,Passed
Region 4A,Dumacaa River,C,TEMPERATURE,28.36,24,23.9,Passed,Failed,Passed
Region 4A,Dumacaa River,C,TSS,12.28,36.25,14.27,Passed,Passed,Passed
Region 1,Govantes - Mistizo River,C,BOD,11.28,7.83,5.43,Failed,Failed,Passed
Region 1,Govantes - Mistizo River,C,CHLORIDE,3484.41,2144.02,591.5,Failed,Failed,Failed
Region 1,Govantes - Mistizo River,C,COLOR,11.71,9.99,9.7,Passed,Passed,Passed
Region 1,Govantes - Mistizo River,C,DO,6.52,6.47,6.45,Passed,Passed,Passed
Region 1,Govantes - Mistizo River,C,FECAL COLIFORM,9542.13,12700.36,22414.77,Failed,Failed,Failed
Region 1,Govantes - Mistizo River,C,NITRATE,0.51,8.23,0.51,Passed,Failed,Passed
Region 1,Govantes - Mistizo River,C,PH,7.55,7.52,7.13,Passed,Passed,Passed
Region 1,Govantes - Mistizo River,C,PHOSPHATE,0.17,0.18,0.15,Passed,Passed,Passed
Region 1,Govantes - Mistizo River,C,TEMPERATURE,31.09,32.17,31.64,Failed,Failed,Passed
Region 1,Govantes - Mistizo River,C,TSS,33.31,34.06,19.05,Passed,Passed,Passed
Region 7,Guadalupe River,B/C,BOD,51.63,57.25,45.5,Failed,Failed,Failed
Region 7,Guadalupe River,B/C,CHLORIDE,110,82.25,56.5,Passed,Passed,Passed
Region 7,Guadalupe River,B/C,COLOR,30,15,11.25,Passed,Passed,Passed
Region 7,Guadalupe River,B/C,DO,0.78,3.75,1.61,Failed,Failed,Failed
Region 7,Guadalupe River,B/C,FECAL COLIFORM,1844805.44,3942478.54,6986388.92,Failed,Failed,Failed
Region 7,Guadalupe River,B/C,NITRATE,0.2,0.05,0.09,Passed,Passed,Passed
Region 7,Guadalupe River,B/C,PH,7.94,7.95,8,Passed,Passed,Passed
Region 7,Guadalupe River,B/C,PHOSPHATE,2,0.85,0.99,Failed,Failed,Failed
Region 7,Guadalupe River,B/C,TEMPERATURE,24.64,,24.43,Failed,No Monitoring,Passed
Region 7,Guadalupe River,B/C,TSS,35,23,26.75,Passed,Passed,Passed
Region 3,Guagua River,C,BOD,32.67,50.75,21.67,Failed,Failed,Failed
Region 3,Guagua River,C,CHLORIDE,222.5,796.83,2444.33,Passed,Failed,Failed
Region 3,Guagua River,C,COLOR,90,56.75,60,Failed,Passed,Passed
Region 3,Guagua River,C,DO,1.66,2.25,2.67,Failed,Failed,Failed
Region 3,Guagua River,C,FECAL COLIFORM,1016273.97,952111.17,292043.65,Failed,Failed,Failed
Region 3,Guagua River,C,NITRATE,0.2,0.17,0.39,Passed,Passed,Passed
Region 3,Guagua River,C,PH,7.24,7.53,7.2,Passed,Passed,Passed
Region 3,Guagua River,C,PHOSPHATE,1.19,1.21,1.6,Failed,Failed,Failed
Region 3,Guagua River,C,TEMPERATURE,28.29,29.47,29.28,Passed,Passed,Passed
Region 3,Guagua River,C,TSS,37.67,24.67,36.67,Passed,Passed,Passed
Region 5,Gumaus River,D,BOD,1.49,1.42,1.15,Passed,Passed,Passed
Region 5,Gumaus River,D,CHLORIDE,,,387.93,No Monitoring,No Monitoring,Failed
Region 5,Gumaus River,D,COLOR,,,11.17,No Monitoring,No Monitoring,Passed
Region 5,Gumaus River,D,DO,4.9,5.14,6.33,Passed,Passed,Passed
Region 5,Gumaus River,D,FECAL COLIFORM,,,577067.86,No Monitoring,No Monitoring,Failed
Region 5,Gumaus River,D,NITRATE,,,0.19,No Monitoring,No Monitoring,Passed
Region 5,Gumaus River,D,PH,7.11,7.39,7.63,Passed,Passed,Passed
Region 5,Gumaus River,D,PHOSPHATE,,,0.17,No Monitoring,No Monitoring,Passed
Region 5,Gumaus River,D,TEMPERATURE,28.93,29.32,27.96,Passed,Passed,Passed
Region 5,Gumaus River,D,TSS,78.86,66.31,172.2,Passed,Passed,Failed
Region 3,Hagonoy River,C,BOD,27.75,19.13,12.38,Failed,Failed,Failed
Region 3,Hagonoy River,C,CHLORIDE,2079.67,4088.44,7144.88,Failed,Failed,Failed
Region 3,Hagonoy River,C,COLOR,32.5,39.69,28.75,Passed,Passed,Passed
Region 3,Hagonoy River,C,DO,3.93,2.19,3.39,Failed,Failed,Failed
Region 3,Hagonoy River,C,FECAL COLIFORM,75320.17,191226.91,108148.06,Failed,Failed,Failed
Region 3,Hagonoy River,C,NITRATE,0.44,0.38,0.54,Passed,Passed,Passed
Region 3,Hagonoy River,C,PH,7.61,7.4,7.23,Passed,Passed,Passed
Region 3,Hagonoy River,C,PHOSPHATE,0.23,0.3,0.31,Passed,Passed,Passed
Region 3,Hagonoy River,C,TEMPERATURE,31.1,30.59,30.62,Failed,Passed,Passed
Region 3,Hagonoy River,C,TSS,42.5,49.44,41.75,Passed,Passed,Passed
Region 6,Iloilo River,C,BOD,12.73,23.17,7.76,Failed,Failed,Failed
Region 6,Iloilo River,C,CHLORIDE,,,,No Monitoring,No Monitoring,No Monitoring
Region 6,Iloilo River,C,COLOR,17.64,17.08,19.58,Passed,Passed,Passed
Region 6,Iloilo River,C,DO,3.9,5.36,5.06,Failed,Passed,Passed
Region 6,Iloilo River,C,FECAL COLIFORM,4908.63,2400,16508.92,Failed,Failed,Failed
Region 6,Iloilo River,C,NITRATE,,,,No Monitoring,No Monitoring,No Monitoring
Region 6,Iloilo River,C,PH,7,7.5,7.33,Passed,Passed,Passed
Region 6,Iloilo River,C,PHOSPHATE,3.11,1.8,0.59,Failed,Failed,Failed
Region 6,Iloilo River,C,TEMPERATURE,29.54,31.32,29.33,Passed,Passed,Passed
Region 6,Iloilo River,C,TSS,46.83,41,34.01,Passed,Passed,Passed
Region 4A,Imus River,C,BOD,13.89,12.65,12.62,Failed,Failed,Failed
Region 4A,Imus River,C,CHLORIDE,452.15,806.42,598.03,Failed,Failed,Failed
Region 4A,Imus River,C,COLOR,14.69,13.68,16.08,Passed,Passed,Passed
Region 4A,Imus River,C,DO,4.81,5.01,4.87,Failed,Passed,Failed
Region 4A,Imus River,C,FECAL COLIFORM,797485.25,177640.64,465215.27,Failed,Failed,Failed
Region 4A,Imus River,C,NITRATE,1.78,1.2,1.19,Passed,Passed,Passed
Region 4A,Imus River,C,PH,7.58,7.84,7.81,Passed,Passed,Passed
Region 4A,Imus River,C,PHOSPHATE,1.54,1.6,1.47,Failed,Failed,Failed
Region 4A,Imus River,C,TEMPERATURE,29.03,23.8,23.51,Passed,Failed,Passed
Region 4A,Imus River,C,TSS,130.67,44.36,53.53,Failed,Passed,Passed
Region 10,Iponan River,A,BOD,1.56,3.3,2.1,Passed,Passed,Passed
Region 10,Iponan River,A,CHLORIDE,139.03,18.1,75.03,Passed,Passed,Passed
Region 10,Iponan River,A,COLOR,29,13.8,14.26,Passed,Passed,Passed
Region 10,Iponan River,A,DO,7.82,7.67,7.2,Passed,Passed,Passed
Region 10,Iponan River,A,FECAL COLIFORM,9115.93,21078.52,69995.56,Failed,Failed,Failed
Region 10,Iponan River,A,NITRATE,0.05,0.25,0.26,Passed,Passed,Passed
Region 10,Iponan River,A,PH,8.25,8.31,8.04,Passed,Passed,Passed
Region 10,Iponan River,A,PHOSPHATE,0.29,0.49,0.12,Passed,Passed,Passed
Region 10,Iponan River,A,TEMPERATURE,29.09,28.56,28.09,Passed,Passed,Passed
Region 10,Iponan River,A,TSS,98.87,185.7,346.19,Failed,Failed,Failed
Region 4A,Iyam River,C,BOD,17.83,22.33,11.24,Failed,Failed,Failed
Region 4A,Iyam River,C,CHLORIDE,722.47,601.58,822.36,Failed,Failed,Failed
Region 4A,Iyam River,C,COLOR,10.83,20,10.56,Passed,Passed,Passed
Region 4A,Iyam River,C,DO,3.81,3.98,4.8,Failed,Failed,Failed
Region 4A,Iyam River,C,FECAL COLIFORM,492004.32,79909.85,118319.17,Failed,Failed,Failed
Region 4A,Iyam River,C,NITRATE,0.81,0.63,0.33,Passed,Passed,Passed
Region 4A,Iyam River,C,PH,7.16,7.32,7.54,Passed,Passed,Passed
Region 4A,Iyam River,C,PHOSPHATE,0.34,0.21,0.22,Passed,Passed,Passed
Region 4A,Iyam River,C,TEMPERATURE,28.24,22.75,24.45,Passed,Failed,Passed
Region 4A,Iyam River,C,TSS,18.77,33.83,14.6,Passed,Passed,Passed
Region 6,Jalaur River,C,BOD,23.9,4.43,3.02,Failed,Passed,Passed
Region 6,Jalaur River,C,CHLORIDE,20,,,Passed,No Monitoring,No Monitoring
Region 6,Jalaur River,C,COLOR,,11.75,11.95,No Monitoring,Passed,Passed
Region 6,Jalaur River,C,DO,7.23,6.73,7.93,Passed,Passed,Passed
Region 6,Jalaur River,C,FECAL COLIFORM,9910.12,23457.11,56923.64,Failed,Failed,Failed
Region 6,Jalaur River,C,NITRATE,,,,No Monitoring,No Monitoring,No Monitoring
Region 6,Jalaur River,C,PH,6.4,9.55,7.16,Failed,Failed,Passed
Region 6,Jalaur River,C,PHOSPHATE,0.52,0.52,0.24,Failed,Passed,Passed
Region 6,Jalaur River,C,TEMPERATURE,29.6,27.3,28.33,Passed,Passed,Passed
Region 6,Jalaur River,C,TSS,78.57,88.58,191.87,Passed,Failed,Failed
Region 6,Jaro-Tigum-Aganan River,C,BOD,3.46,2.08,2.99,Passed,Passed,Passed
Region 6,Jaro-Tigum-Aganan River,C,CHLORIDE,,,,No Monitoring,No Monitoring,No Monitoring
Region 6,Jaro-Tigum-Aganan River,C,COLOR,13.13,12.5,12.19,Passed,Passed,Passed
Region 6,Jaro-Tigum-Aganan River,C,DO,6.23,5.76,7.16,Passed,Passed,Passed
Region 6,Jaro-Tigum-Aganan River,C,FECAL COLIFORM,12885.52,70774.01,111136.75,Failed,Failed,Failed
Region 6,Jaro-Tigum-Aganan River,C,NITRATE,,,,No Monitoring,No Monitoring,No Monitoring
Region 6,Jaro-Tigum-Aganan River,C,PH,6.63,7.82,7.41,Passed,Passed,Passed
Region 6,Jaro-Tigum-Aganan River,C,PHOSPHATE,,0.67,0.22,No Monitoring,Passed,Passed
Region 6,Jaro-Tigum-Aganan River,C,TEMPERATURE,30.35,28.54,27.47,Passed,Passed,Passed
Region 6,Jaro-Tigum-Aganan River,C,TSS,57.08,73.13,388.46,Passed,Passed,Failed
Region 12,Kematu River,C,BOD,0.98,3,1.26,Passed,Passed,Passed
Region 12,Kematu River,C,CHLORIDE,6.39,2,2.98,Passed,Passed,Passed
Region 12,Kematu River,C,COLOR,11.5,8,16.32,Passed,Passed,Passed
Region 12,Kematu River,C,DO,8.84,7.62,7.98,Passed,Passed,Passed
Region 12,Kematu River,C,FECAL COLIFORM,1421.06,213647.55,16204.33,Failed,Failed,Failed
Region 12,Kematu River,C,NITRATE,0.12,0.38,3.96,Passed,Passed,Passed
Region 12,Kematu River,C,PH,8.16,8.2,7.99,Passed,Passed,Passed
Region 12,Kematu River,C,PHOSPHATE,0.17,0.1,0.12,Passed,Passed,Passed
Region 12,Kematu River,C,TEMPERATURE,22.73,27.48,22.92,Failed,Passed,Passed
Region 12,Kematu River,C,TSS,23.3,50.8,226.08,Passed,Passed,Failed
Region 2,Kinalabasa River,C,BOD,1.15,1.44,1.83,Passed,Passed,Passed
Region 2,Kinalabasa River,C,CHLORIDE,8.77,2.63,2.33,Passed,Passed,Passed
Region 2,Kinalabasa River,C,COLOR,4.6,5.61,5.14,Passed,Passed,Passed
Region 2,Kinalabasa River,C,DO,8.48,7.42,7.11,Passed,Passed,Passed
Region 2,Kinalabasa River,C,FECAL COLIFORM,512390,1337330.06,457150,Failed,Failed,Failed
Region 2,Kinalabasa River,C,NITRATE,0.1,0.07,0.15,Passed,Passed,Passed
Region 2,Kinalabasa River,C,PH,7.16,7.09,7.49,Passed,Passed,Passed
Region 2,Kinalabasa River,C,PHOSPHATE,0.1,0.12,0.13,Passed,Passed,Passed
Region 2,Kinalabasa River,C,TEMPERATURE,24.42,24.67,24.9,Failed,Failed,Passed
Region 2,Kinalabasa River,C,TSS,10.83,38.98,14.67,Passed,Passed,Passed
Region 4A,Labac River,C,BOD,7.37,7,3.84,Failed,Failed,Passed
Region 4A,Labac River,C,CHLORIDE,421.97,718.92,3069.73,Failed,Failed,Failed
Region 4A,Labac River,C,COLOR,23.33,17.5,15.56,Passed,Passed,Passed
Region 4A,Labac River,C,DO,6.21,5.25,5.19,Passed,Passed,Passed
Region 4A,Labac River,C,FECAL COLIFORM,42092.43,33206.19,31089.67,Failed,Failed,Failed
Region 4A,Labac River,C,NITRATE,4.65,1.16,1.27,Passed,Passed,Passed
Region 4A,Labac River,C,PH,7.5,7.75,7.63,Passed,Passed,Passed
Region 4A,Labac River,C,PHOSPHATE,0.77,0.77,0.6,Failed,Failed,Failed
Region 4A,Labac River,C,TEMPERATURE,28.55,23.75,22.5,Passed,Failed,Passed
Region 4A,Labac River,C,TSS,27.95,26.75,40.69,Passed,Passed,Passed
Region 3,Labangan River,C,BOD,7.25,14.67,10.08,Failed,Failed,Failed
Region 3,Labangan River,C,CHLORIDE,1409.58,1555.4,2422.25,Failed,Failed,Failed
Region 3,Labangan River,C,COLOR,26.67,28,22.08,Passed,Passed,Passed
Region 3,Labangan River,C,DO,4.25,2.65,3.27,Failed,Failed,Failed
Region 3,Labangan River,C,FECAL COLIFORM,65848.97,82009.11,21638.79,Failed,Failed,Failed
Region 3,Labangan River,C,NITRATE,0.3,0.38,0.46,Passed,Passed,Passed
Region 3,Labangan River,C,PH,7.33,7.87,7.36,Passed,Passed,Passed
Region 3,Labangan River,C,PHOSPHATE,0.21,0.22,0.4,Passed,Passed,Passed
Region 3,Labangan River,C,TEMPERATURE,30.24,29.99,28.48,Passed,Passed,Passed
Region 3,Labangan River,C,TSS,23.5,53.67,31.17,Passed,Passed,Passed
Region 5,Lake Buhi,B,BOD,1.64,1.42,1.51,Passed,Passed,Passed
Region 5,Lake Buhi,B,CHLORIDE,,5.02,3.78,No Monitoring,Passed,Passed
Region 5,Lake Buhi,B,COLOR,,3.67,3.55,No Monitoring,Passed,Passed
Region 5,Lake Buhi,B,DO,8.27,9.03,8.28,Passed,Passed,Passed
Region 5,Lake Buhi,B,FECAL COLIFORM,152.61,171.5,264.69,Failed,Failed,Failed
Region 5,Lake Buhi,B,NITRATE,0.11,0.12,0.16,Passed,Passed,Passed
Region 5,Lake Buhi,B,PH,7.63,8.25,8.33,Passed,Passed,Passed
Region 5,Lake Buhi,B,PHOSPHATE,0.04,0.04,0.04,Passed,Passed,Passed
Region 5,Lake Buhi,B,TEMPERATURE,28.4,29.48,28.75,Passed,Passed,Passed
Region 5,Lake Buhi,B,TSS,2.74,3.07,4.77,Passed,Passed,Passed
Region 13,Lake Mainit,A,BOD,0.87,0.63,0.71,Passed,Passed,Passed
Region 13,Lake Mainit,A,CHLORIDE,,7.49,7.14,No Monitoring,Passed,Passed
Region 13,Lake Mainit,A,COLOR,1.47,1.88,4.17,Passed,Passed,Passed
Region 13,Lake Mainit,A,DO,7.98,7.84,7.31,Passed,Passed,Passed
Region 13,Lake Mainit,A,FECAL COLIFORM,5.08,0,0.03,Failed,Passed,Passed
Region 13,Lake Mainit,A,NITRATE,,,0.06,No Monitoring,No Monitoring,Passed
Region 13,Lake Mainit,A,PH,8.18,8.15,8.34,Passed,Passed,Passed
Region 13,Lake Mainit,A,PHOSPHATE,0,0,0,Passed,Passed,Passed
Region 13,Lake Mainit,A,TEMPERATURE,28.51,28.73,28.54,Passed,Passed,Passed
Region 13,Lake Mainit,A,TSS,2.01,0.79,0.95,Passed,Passed,Passed
Region 5,Lanang River,A/B,BOD,1.25,0.83,1.16,Passed,Passed,Passed
Region 5,Lanang River,A/B,CHLORIDE,,306.38,315.74,No Monitoring,Passed,Passed
Region 5,Lanang River,A/B,COLOR,14.17,9.58,14.48,Passed,Passed,Passed
Region 5,Lanang River,A/B,DO,7.05,7.76,7.68,Passed,Passed,Passed
Region 5,Lanang River,A/B,FECAL COLIFORM,,,199095.77,No Monitoring,No Monitoring,Failed
Region 5,Lanang River,A/B,NITRATE,0.15,0.16,0.18,Passed,Passed,Passed
Region 5,Lanang River,A/B,PH,8.25,8.55,8.2,Passed,Passed,Passed
Region 5,Lanang River,A/B,PHOSPHATE,0.07,0.06,0.09,Passed,Passed,Passed
Region 5,Lanang River,A/B,TEMPERATURE,29.49,29.19,28.25,Passed,Passed,Passed
Region 5,Lanang River,A/B,TSS,40.67,26.5,68.93,Passed,Passed,Passed
NCR,Las Piñas - Parañaque River System,C,BOD,60.52,41.75,43.24,Failed,Failed,Failed
NCR,Las Piñas - Parañaque River System,C,CHLORIDE,,,,No Monitoring,No Monitoring,No Monitoring
NCR,Las Piñas - Parañaque River System,C,COLOR,20.64,,14.51,Passed,No Monitoring,Passed
NCR,Las Piñas - Parañaque River System,C,DO,0.13,0.08,0.67,Failed,Failed,Failed
NCR,Las Piñas - Parañaque River System,C,FECAL COLIFORM,43449250.85,50849943.76,21314452.13,Failed,Failed,Failed
NCR,Las Piñas - Parañaque River System,C,NITRATE,0.42,0.29,0.19,Passed,Passed,Passed
NCR,Las Piñas - Parañaque River System,C,PH,8.12,7.38,6.73,Passed,Passed,Passed
NCR,Las Piñas - Parañaque River System,C,PHOSPHATE,2.27,2.25,1.78,Failed,Failed,Failed
NCR,Las Piñas - Parañaque River System,C,TEMPERATURE,28.85,30.94,29.23,Passed,Passed,Passed
NCR,Las Piñas - Parañaque River System,C,TSS,54.89,,,Passed,No Monitoring,No Monitoring
Region 11,Libuganon River,C,BOD,0.89,0.64,0.96,Passed,Passed,Passed
Region 11,Libuganon River,C,CHLORIDE,30.55,2.58,3.76,Passed,Passed,Passed
Region 11,Libuganon River,C,COLOR,18.5,13.41,15.36,Passed,Passed,Passed
Region 11,Libuganon River,C,DO,7.56,7.6,7.52,Passed,Passed,Passed
Region 11,Libuganon River,C,FECAL COLIFORM,15831.24,3606.59,31103.04,Failed,Failed,No Monitoring
Region 11,Libuganon River,C,NITRATE,,,5.02,No Monitoring,No Monitoring,Passed
Region 11,Libuganon River,C,PH,8.22,8.19,8.25,Passed,Passed,Passed
Region 11,Libuganon River,C,PHOSPHATE,1.09,0.22,0.37,Failed,Passed,Passed
Region 11,Libuganon River,C,TEMPERATURE,29.61,27.9,29,Passed,Passed,Passed
Region 11,Libuganon River,C,TSS,212.01,122.7,581.1,Failed,Failed,Failed
Region 11,Lipadas River,C,BOD,3.52,2.55,2.53,Passed,Passed,Passed
Region 11,Lipadas River,C,CHLORIDE,183.26,62.94,111.02,Passed,Passed,Passed
Region 11,Lipadas River,C,COLOR,21.99,20.74,16.29,Passed,Passed,Passed
Region 11,Lipadas River,C,DO,7.39,7.52,7.53,Passed,Passed,Passed
Region 11,Lipadas River,C,FECAL COLIFORM,17235.76,14812.39,32831.26,Failed,Failed,Failed
Region 11,Lipadas River,C,NITRATE,1.88,,7.31,Passed,No Monitoring,Failed
Region 11,Lipadas River,C,PH,8.09,7.95,7.99,Passed,Passed,Passed
Region 11,Lipadas River,C,PHOSPHATE,2.1,0.51,0.35,Failed,Failed,Passed
Region 11,Lipadas River,C,TEMPERATURE,27.06,27.72,28.01,Passed,Passed,Passed
Region 11,Lipadas River,C,TSS,50.7,81.74,27.89,Passed,Passed,Passed
Region 7,Luyang River,A/C,BOD,4.97,4.17,5.88,Passed,Passed,Passed
Region 7,Luyang River,A/C,CHLORIDE,939.57,684.25,253.13,Failed,Failed,Passed
Region 7,Luyang River,A/C,COLOR,6.18,5,5,Passed,Passed,Passed
Region 7,Luyang River,A/C,DO,8.05,5.79,5.29,Passed,Passed,Passed
Region 7,Luyang River,A/C,FECAL COLIFORM,12624.6,7487.56,4966.6,Failed,Failed,Failed
Region 7,Luyang River,A/C,NITRATE,0.66,0.92,0.53,Passed,Passed,Passed
Region 7,Luyang River,A/C,PH,8.14,6.25,8.01,Passed,Passed,Passed
Region 7,Luyang River,A/C,PHOSPHATE,0.04,0.06,0.08,Passed,Passed,Passed
Region 7,Luyang River,A/C,TEMPERATURE,25.01,,26.34,Passed,No Monitoring,Passed
Region 7,Luyang River,A/C,TSS,52.39,6.25,33.13,Passed,Passed,Failed
Region 4A,Maalimango River,C,BOD,27.53,18.09,9.23,Failed,Failed,Failed
Region 4A,Maalimango River,C,CHLORIDE,919.58,198,278.53,Failed,Passed,Passed
Region 4A,Maalimango River,C,COLOR,17.78,37.75,17.99,Passed,Passed,Passed
Region 4A,Maalimango River,C,DO,2.79,3.41,2.94,Failed,Failed,Failed
Region 4A,Maalimango River,C,FECAL COLIFORM,355288.67,78052.92,120160.63,Failed,Failed,Failed
Region 4A,Maalimango River,C,NITRATE,4.09,1.62,2.17,Passed,Passed,Passed
Region 4A,Maalimango River,C,PH,7.79,7.7,7.68,Passed,Passed,Passed
Region 4A,Maalimango River,C,PHOSPHATE,1.42,1.26,1.35,Failed,Failed,Failed
Region 4A,Maalimango River,C,TEMPERATURE,28.41,23.53,24.93,Passed,Failed,Passed
Region 4A,Maalimango River,C,TSS,25.47,11.91,17.61,Passed,Passed,Passed
Region 4B,Madugo River,C,BOD,5.94,9,9.11,Passed,Failed,Failed
Region 4B,Madugo River,C,CHLORIDE,,3.51,30.19,No Monitoring,Passed,Passed
Region 4B,Madugo River,C,COLOR,,30,16.43,No Monitoring,Passed,Passed
Region 4B,Madugo River,C,DO,5.37,4.04,4.88,Passed,Failed,Failed
Region 4B,Madugo River,C,FECAL COLIFORM,,47834.19,121901.15,No Monitoring,Failed,Failed
Region 4B,Madugo River,C,NITRATE,,0.52,0.29,No Monitoring,Passed,Passed
Region 4B,Madugo River,C,PH,7.06,7.58,7.33,Passed,Passed,Passed
Region 4B,Madugo River,C,PHOSPHATE,0.12,0.11,0.06,Passed,Passed,Passed
Region 4B,Madugo River,C,TEMPERATURE,26.91,27.64,27.31,Passed,Passed,No Monitoring
Region 4B,Madugo River,C,TSS,8.85,14.11,6.76,Passed,Passed,Passed
Region 6,Malihao River,B/C,BOD,106.3,80,18.37,Failed,Failed,Failed
Region 6,Malihao River,B/C,CHLORIDE,,,,No Monitoring,No Monitoring,No Monitoring
Region 6,Malihao River,B/C,COLOR,15,17.5,21.1,Passed,Passed,Passed
Region 6,Malihao River,B/C,DO,3.43,4.73,7.82,Failed,Failed,Passed
Region 6,Malihao River,B/C,FECAL COLIFORM,189790.03,61114.8,44041.76,Failed,Failed,Failed
Region 6,Malihao River,B/C,NITRATE,,,,No Monitoring,No Monitoring,No Monitoring
Region 6,Malihao River,B/C,PH,6.75,6.52,6.74,Passed,Passed,Passed
Region 6,Malihao River,B/C,PHOSPHATE,,,0.14,No Monitoring,No Monitoring,Passed
Region 6,Malihao River,B/C,TEMPERATURE,29.7,28.53,29.84,Passed,Passed,Passed
Region 6,Malihao River,B/C,TSS,51.47,21.8,28.32,Passed,Passed,Passed
Region 4A,Maragondon River,C,BOD,3.73,3.75,2.11,Passed,Passed,Passed
Region 4A,Maragondon River,C,CHLORIDE,1123.46,967.58,1472.13,Failed,Failed,Failed
Region 4A,Maragondon River,C,COLOR,19.82,8.33,11.39,Passed,Passed,Passed
Region 4A,Maragondon River,C,DO,7.07,7.24,7.32,Passed,Passed,Passed
Region 4A,Maragondon River,C,FECAL COLIFORM,12198.96,4421.09,11137.67,Failed,Failed,Failed
Region 4A,Maragondon River,C,NITRATE,1.3,0.65,1.11,Passed,Passed,Passed
Region 4A,Maragondon River,C,PH,7.64,8.01,7.89,Passed,Passed,Passed
Region 4A,Maragondon River,C,PHOSPHATE,0.7,0.37,0.28,Failed,Passed,Passed
Region 4A,Maragondon River,C,TEMPERATURE,28.34,24.42,22.85,Passed,Failed,Passed
Region 4A,Maragondon River,C,TSS,32.21,31.42,29.92,Passed,Passed,Passed
Region 3,Marilao River,C,BOD,35.4,38.58,40.45,Failed,Failed,Failed
Region 3,Marilao River,C,CHLORIDE,162.91,295.67,189.05,Passed,Passed,Passed
Region 3,Marilao River,C,COLOR,43.33,29.78,26.08,Passed,Passed,Passed
Region 3,Marilao River,C,DO,2.53,2.14,2,Failed,Failed,Failed
Region 3,Marilao River,C,FECAL COLIFORM,1867804.09,1699710.63,2467099.71,Failed,Failed,Failed
Region 3,Marilao River,C,NITRATE,0.31,0.53,0.47,Passed,Passed,Passed
Region 3,Marilao River,C,PH,7.53,7.8,7.25,Passed,Passed,Passed
Region 3,Marilao River,C,PHOSPHATE,1.9,1.84,1.21,Failed,Failed,Failed
Region 3,Marilao River,C,TEMPERATURE,30.43,28.21,28.09,Passed,Passed,Passed
Region 3,Marilao River,C,TSS,32.67,23.27,40.6,Passed,Passed,Passed
Region 11,Matiao River,C,BOD,0.5,0.45,0.83,Passed,Passed,Passed
Region 11,Matiao River,C,CHLORIDE,54,46.06,3.24,Passed,Passed,Passed
Region 11,Matiao River,C,COLOR,12.04,11.92,17.17,Passed,Passed,Passed
Region 11,Matiao River,C,DO,8.55,7.97,8.23,Passed,Passed,Passed
Region 11,Matiao River,C,FECAL COLIFORM,,,,No Monitoring,No Monitoring,No Monitoring
Region 11,Matiao River,C,NITRATE,,,5.3,No Monitoring,No Monitoring,Passed
Region 11,Matiao River,C,PH,8.31,8.26,8.39,Passed,Passed,Passed
Region 11,Matiao River,C,PHOSPHATE,1.59,0.16,0.18,Failed,Passed,Passed
Region 11,Matiao River,C,TEMPERATURE,27.17,26.25,28.4,Passed,Passed,Passed
Region 11,Matiao River,C,TSS,293.38,96.42,157.65,Failed,Failed,Failed
Region 11,Mayo River,B,BOD,0.37,0.43,0.7,Passed,Passed,Passed
Region 11,Mayo River,B,CHLORIDE,3.95,4.41,6.36,Passed,Passed,Passed
Region 11,Mayo River,B,COLOR,9.6,13.4,9.21,Passed,Passed,Passed
Region 11,Mayo River,B,DO,7.92,7.72,7.58,Passed,Passed,Passed
Region 11,Mayo River,B,FECAL COLIFORM,,,20300,No Monitoring,No Monitoring,Failed
Region 11,Mayo River,B,NITRATE,,,4.9,No Monitoring,No Monitoring,Passed
Region 11,Mayo River,B,PH,8.48,8.19,8.54,Passed,Passed,Passed
Region 11,Mayo River,B,PHOSPHATE,2.7,0.16,0.09,Failed,Passed,Passed
Region 11,Mayo River,B,TEMPERATURE,27.75,28.4,30.43,Passed,Passed,Passed
Region 11,Mayo River,B,TSS,307.91,605.56,127.64,Failed,Failed,Failed
Region 9,Mercedes River,B/C,BOD,12.41,6.95,3.25,Failed,Passed,Passed
Region 9,Mercedes River,B/C,CHLORIDE,77.74,82.54,,Passed,Passed,No Monitoring
Region 9,Mercedes River,B/C,COLOR,4.9,5.97,,Passed,Passed,No Monitoring
Region 9,Mercedes River,B/C,DO,7.48,6.53,8,Passed,Passed,Passed
Region 9,Mercedes River,B/C,FECAL COLIFORM,15571.6,134716.05,352502.12,Failed,Failed,Failed
Region 9,Mercedes River,B/C,NITRATE,4.81,,,Passed,No Monitoring,No Monitoring
Region 9,Mercedes River,B/C,PH,8.11,7.77,7,Passed,Passed,Passed
Region 9,Mercedes River,B/C,PHOSPHATE,0.49,0.7,0.17,Passed,Passed,Passed
Region 9,Mercedes River,B/C,TEMPERATURE,28.59,29.48,28.88,Passed,Passed,Passed
Region 9,Mercedes River,B/C,TSS,55.33,40.6,20.67,Passed,Passed,Passed
Region 3,Meycauayan River,C,BOD,85.52,63.36,85.35,Failed,Failed,Failed
Region 3,Meycauayan River,C,CHLORIDE,803.04,1447.69,1582.68,Failed,Failed,Failed
Region 3,Meycauayan River,C,COLOR,100.67,49.11,33.5,Failed,Passed,Passed
Region 3,Meycauayan River,C,DO,1.14,0.8,0.91,Failed,Failed,Failed
Region 3,Meycauayan River,C,FECAL COLIFORM,7437384.39,5865370.71,5943833.33,Failed,Failed,Failed
Region 3,Meycauayan River,C,NITRATE,0.42,0.23,0.17,Passed,Passed,Passed
Region 3,Meycauayan River,C,PH,7.79,7.66,7.16,Passed,Passed,Passed
Region 3,Meycauayan River,C,PHOSPHATE,1.82,1.93,1.52,Failed,Failed,Failed
Region 3,Meycauayan River,C,TEMPERATURE,29.61,28.9,29.18,Passed,Passed,Passed
Region 3,Meycauayan River,C,TSS,28,32.07,31,Passed,Passed,Passed
Region 4B,Mogpog River,C,BOD,,9.8,1.08,No Monitoring,Failed,Passed
Region 4B,Mogpog River,C,CHLORIDE,,,15.02,No Monitoring,No Monitoring,Passed
Region 4B,Mogpog River,C,COLOR,,10.98,4.93,No Monitoring,Passed,Passed
Region 4B,Mogpog River,C,DO,,7.67,,No Monitoring,Passed,No Monitoring
Region 4B,Mogpog River,C,FECAL COLIFORM,,634.83,,No Monitoring,Failed,Failed
Region 4B,Mogpog River,C,NITRATE,,,0.05,No Monitoring,No Monitoring,Passed
Region 4B,Mogpog River,C,PH,,7.73,,No Monitoring,Passed,No Monitoring
Region 4B,Mogpog River,C,PHOSPHATE,,0.03,0.05,No Monitoring,Passed,Passed
Region 4B,Mogpog River,C,TEMPERATURE,,27.7,,No Monitoring,Passed,No Monitoring
Region 4B,Mogpog River,C,TSS,28.97,40.78,4.91,Passed,Passed,Passed
Region 11,Naboc River,C,BOD,0.93,0.54,0.87,Passed,Passed,Passed
Region 11,Naboc River,C,CHLORIDE,4,24.42,3.75,Passed,Passed,Passed
Region 11,Naboc River,C,COLOR,13.1,13.7,13.25,Passed,Passed,Passed
Region 11,Naboc River,C,DO,8.72,7.85,8.03,Passed,Passed,Passed
Region 11,Naboc River,C,FECAL COLIFORM,2774.77,5390.9,42632.24,Failed,Failed,Failed
Region 11,Naboc River,C,NITRATE,,,,No Monitoring,No Monitoring,No Monitoring
Region 11,Naboc River,C,PH,8.37,8.28,8.27,Passed,Passed,Passed
Region 11,Naboc River,C,PHOSPHATE,1.25,,0.22,Failed,No Monitoring,Passed
Region 11,Naboc River,C,TEMPERATURE,23.71,24.35,24.59,Failed,Failed,Passed
Region 11,Naboc River,C,TSS,810.28,290.26,1293.16,Failed,Failed,Failed
Region 5,Naga River,C,BOD,6.36,5.97,4.58,Passed,Passed,Passed
Region 5,Naga River,C,CHLORIDE,,15.72,9.35,No Monitoring,Passed,Passed
Region 5,Naga River,C,COLOR,,13.09,14.56,No Monitoring,Passed,Passed
Region 5,Naga River,C,DO,4.32,6.74,5.96,Failed,Passed,Passed
Region 5,Naga River,C,FECAL COLIFORM,,42464.76,151254.23,No Monitoring,Failed,Failed
Region 5,Naga River,C,NITRATE,0.42,0.52,0.45,Passed,Passed,Passed
Region 5,Naga River,C,PH,7.61,7.79,7.82,Passed,Passed,Passed
Region 5,Naga River,C,PHOSPHATE,0.93,0.36,0.38,Failed,Passed,Passed
Region 5,Naga River,C,TEMPERATURE,28.9,27.7,28.37,Passed,Passed,Passed
Region 5,Naga River,C,TSS,11,14.48,33.67,Passed,Passed,Passed
NCR,NMTT River System,C,BOD,46.88,33.13,40.32,Failed,Failed,Failed
NCR,NMTT River System,C,CHLORIDE,,,,No Monitoring,No Monitoring,No Monitoring
NCR,NMTT River System,C,COLOR,20.35,,,Passed,No Monitoring,No Monitoring
NCR,NMTT River System,C,DO,0.4,0,0.45,Failed,Failed,Failed
NCR,NMTT River System,C,FECAL COLIFORM,33704055.23,47433691.2,11088631.68,Failed,Failed,Failed
NCR,NMTT River System,C,NITRATE,0.23,0.44,0.1,Passed,Passed,Passed
NCR,NMTT River System,C,PH,8.18,7.39,5.86,Passed,Passed,Passed
NCR,NMTT River System,C,PHOSPHATE,1.43,1.37,1.81,Failed,Failed,Failed
NCR,NMTT River System,C,TEMPERATURE,27.92,29.06,29.5,Passed,Passed,Passed
NCR,NMTT River System,C,TSS,50.95,,,Passed,No Monitoring,No Monitoring
Region 3,Obando River,C,BOD,39.29,33.63,154.03,Failed,Failed,Failed
Region 3,Obando River,C,CHLORIDE,6658.67,6596.38,8130.86,Failed,Failed,Failed
Region 3,Obando River,C,COLOR,35.48,28.96,21.81,Passed,Passed,Passed
Region 3,Obando River,C,DO,3.69,2.49,2.46,Failed,Failed,Failed
Region 3,Obando River,C,FECAL COLIFORM,142723.62,429009.89,102845.47,Failed,Failed,Failed
Region 3,Obando River,C,NITRATE,0.29,0.4,0.15,Passed,Passed,Passed
Region 3,Obando River,C,PH,7.27,7.71,7.22,Passed,Passed,Passed
Region 3,Obando River,C,PHOSPHATE,0.73,0.73,4.45,Failed,Failed,Failed
Region 3,Obando River,C,TEMPERATURE,30.65,28.62,28.46,Passed,Passed,Passed
Region 3,Obando River,C,TSS,29.76,24.33,28.39,Passed,Passed,Passed
Region 11,Padada River,C,BOD,1.1,1.03,1.57,Passed,Passed,Passed
Region 11,Padada River,C,CHLORIDE,550.06,132.89,110.33,Failed,Failed,Passed
Region 11,Padada River,C,COLOR,19.64,17.86,17.94,Passed,Passed,Passed
Region 11,Padada River,C,DO,7.53,7.31,7.42,Passed,Passed,Passed
Region 11,Padada River,C,FECAL COLIFORM,1963.87,2697.75,82381.04,Failed,Failed,Failed
Region 11,Padada River,C,NITRATE,0.04,,5.05,Passed,No Monitoring,Passed
Region 11,Padada River,C,PH,8.08,8.11,8.28,Passed,Passed,Passed
Region 11,Padada River,C,PHOSPHATE,0.34,0.24,0.23,Passed,Passed,Passed
Region 11,Padada River,C,TEMPERATURE,29.23,29.2,29.02,Passed,Passed,Passed
Region 11,Padada River,C,TSS,217.31,271.83,584.74,Failed,Failed,Failed
Region 3,Pampanga River,C,BOD,12.67,13.07,4.75,Failed,Failed,Passed
Region 3,Pampanga River,C,CHLORIDE,62.07,162.13,911.35,Passed,Passed,Failed
Region 3,Pampanga River,C,COLOR,23.33,24,25,Passed,Passed,Passed
Region 3,Pampanga River,C,DO,5.79,3,3.38,Passed,Failed,Failed
Region 3,Pampanga River,C,FECAL COLIFORM,22447.51,27784.32,20357.9,Failed,Failed,Failed
Region 3,Pampanga River,C,NITRATE,0.39,0.66,1.12,Passed,Passed,Passed
Region 3,Pampanga River,C,PH,7.5,8.03,7.21,Passed,Passed,Passed
Region 3,Pampanga River,C,PHOSPHATE,0.25,0.25,0.18,Passed,Passed,Passed
Region 3,Pampanga River,C,TEMPERATURE,31.14,28.26,28.57,Failed,Passed,Passed
Region 3,Pampanga River,C,TSS,38.53,66.73,52.88,Passed,Passed,Passed
Region 6,Panay River,A,BOD,2.04,2.04,2.55,Passed,Passed,Passed
Region 6,Panay River,A,CHLORIDE,,,,No Monitoring,No Monitoring,No Monitoring
Region 6,Panay River,A,COLOR,14.45,16.06,11.46,Passed,Passed,Passed
Region 6,Panay River,A,DO,4.74,6.08,5.63,Failed,Passed,Passed
Region 6,Panay River,A,FECAL COLIFORM,24221.23,140050.01,81441.21,Failed,Failed,Failed
Region 6,Panay River,A,NITRATE,,,,No Monitoring,No Monitoring,No Monitoring
Region 6,Panay River,A,PH,6.66,7.56,7.11,Passed,Passed,Passed
Region 6,Panay River,A,PHOSPHATE,0.35,0.65,0.15,Passed,Passed,Passed
Region 6,Panay River,A,TEMPERATURE,29.47,28.52,29.44,Passed,Passed,Passed
Region 6,Panay River,A,TSS,45.46,34.75,31.72,Passed,Passed,Passed
Region 4A,Pansipit River,C,BOD,3.33,3.83,5.66,Passed,Passed,Passed
Region 4A,Pansipit River,C,CHLORIDE,73.67,346.17,570.56,Passed,Passed,Failed
Region 4A,Pansipit River,C,COLOR,5,128.22,6.89,Passed,Passed,Passed
Region 4A,Pansipit River,C,DO,6.67,4.14,4.81,Passed,Failed,Failed
Region 4A,Pansipit River,C,FECAL COLIFORM,1399.94,551.14,4112.22,Failed,Failed,Failed
Region 4A,Pansipit River,C,NITRATE,0.5,0.35,0.43,Passed,Passed,Passed
Region 4A,Pansipit River,C,PH,6.61,8.55,8.14,Passed,Passed,Passed
Region 4A,Pansipit River,C,PHOSPHATE,0.8,0.72,0.65,Failed,Failed,Failed
Region 4A,Pansipit River,C,TEMPERATURE,29.28,23.44,25.34,Passed,Failed,Passed
Region 4A,Pansipit River,C,TSS,13.25,26.56,22.19,Passed,Passed,Passed
Region 4A,Rio Grande River,C,BOD,7.66,11.53,7.25,Failed,Failed,Failed
Region 4A,Rio Grande River,C,CHLORIDE,48.11,27.83,101.11,Passed,Passed,Passed
Region 4A,Rio Grande River,C,COLOR,11.81,13.17,16.81,Passed,Passed,Passed
Region 4A,Rio Grande River,C,DO,5.98,6.2,4.88,Passed,Passed,Failed
Region 4A,Rio Grande River,C,FECAL COLIFORM,206941.91,103065.01,134603.81,Failed,Failed,Failed
Region 4A,Rio Grande River,C,NITRATE,3.18,1.51,2.16,Passed,Passed,Passed
Region 4A,Rio Grande River,C,PH,7.83,7.89,7.77,Passed,Passed,Passed
Region 4A,Rio Grande River,C,PHOSPHATE,1.13,0.82,1.03,Failed,Failed,Failed
Region 4A,Rio Grande River,C,TEMPERATURE,28.72,20.77,24.54,Passed,Failed,Passed
Region 4A,Rio Grande River,C,TSS,35.22,55.47,63.28,Passed,Passed,Passed
Region 9,Saaz River,A/B,BOD,3.1,1.35,2.79,Passed,Passed,Passed
Region 9,Saaz River,A/B,CHLORIDE,3.04,4.08,,Passed,Passed,No Monitoring
Region 9,Saaz River,A/B,COLOR,8,5.04,,Passed,Passed,No Monitoring
Region 9,Saaz River,A/B,DO,7.86,8.59,8.63,Passed,Passed,Passed
Region 9,Saaz River,A/B,FECAL COLIFORM,31175.55,41157.8,110817.11,Failed,Failed,Failed
Region 9,Saaz River,A/B,NITRATE,1.39,,,Passed,No Monitoring,No Monitoring
Region 9,Saaz River,A/B,PH,8.59,7.97,7,Failed,Passed,Passed
Region 9,Saaz River,A/B,PHOSPHATE,0.12,0.13,0.13,Passed,Passed,Passed
Region 9,Saaz River,A/B,TEMPERATURE,29.05,27.39,28.96,Passed,Passed,Passed
Region 9,Saaz River,A/B,TSS,206.5,38.96,46.6,Failed,Passed,Passed
Region 5,Sagumayon River,C,BOD,61.69,20.95,17.55,Failed,Failed,Failed
Region 5,Sagumayon River,C,CHLORIDE,,277.23,644.57,No Monitoring,Passed,Failed
Region 5,Sagumayon River,C,COLOR,,17.05,19.09,No Monitoring,Passed,Passed
Region 5,Sagumayon River,C,DO,3.01,2.82,3.5,Failed,Failed,Failed
Region 5,Sagumayon River,C,FECAL COLIFORM,746398360.5,233112102.1,130170910.8,Failed,Failed,Failed
Region 5,Sagumayon River,C,NITRATE,0.21,0.82,0.78,Passed,Passed,Passed
Region 5,Sagumayon River,C,PH,7.91,6.65,7.48,Passed,Passed,Passed
Region 5,Sagumayon River,C,PHOSPHATE,1.85,0.92,1.2,Failed,Passed,Failed
Region 5,Sagumayon River,C,TEMPERATURE,28.44,28.35,28.51,Passed,Passed,Passed
Region 5,Sagumayon River,C,TSS,33.11,10.81,45.32,Passed,Passed,Passed
Region 5,Salog River,B/C,BOD,5.04,4.31,2.73,Passed,Passed,Passed
Region 5,Salog River,B/C,CHLORIDE,,87.51,85.89,No Monitoring,Passed,Passed
Region 5,Salog River,B/C,COLOR,,7.4,6.91,No Monitoring,Passed,Passed
Region 5,Salog River,B/C,DO,4.93,6.21,6.36,Failed,Passed,Passed
Region 5,Salog River,B/C,FECAL COLIFORM,10996819.19,1950863.41,286090.42,Failed,Failed,Failed
Region 5,Salog River,B/C,NITRATE,0.29,0.5,0.32,Passed,Passed,Passed
Region 5,Salog River,B/C,PH,7.8,7.92,7.66,Passed,Passed,Passed
Region 5,Salog River,B/C,PHOSPHATE,0.17,0.26,0.11,Passed,Passed,Passed
Region 5,Salog River,B/C,TEMPERATURE,28.55,28.81,28.18,Passed,Passed,Passed
Region 5,Salog River,B/C,TSS,22.72,156.72,13.77,Passed,Failed,Passed
NCR,San Juan River System,C,BOD,64.63,46.25,48.18,Failed,Failed,Failed
NCR,San Juan River System,C,CHLORIDE,,,,No Monitoring,No Monitoring,No Monitoring
NCR,San Juan River System,C,COLOR,23.42,,,Passed,No Monitoring,No Monitoring
NCR,San Juan River System,C,DO,0.09,0.06,0.37,Failed,Failed,Failed
NCR,San Juan River System,C,FECAL COLIFORM,70943998.96,129436379.6,29081232.45,Failed,Failed,Failed
NCR,San Juan River System,C,NITRATE,0.32,0.18,0.11,Passed,Passed,Passed
NCR,San Juan River System,C,PH,8.41,7.19,7.06,Passed,Passed,Passed
NCR,San Juan River System,C,PHOSPHATE,2.42,2.33,2.21,Failed,Failed,Failed
NCR,San Juan River System,C,TEMPERATURE,27.95,28.32,28.44,Passed,Passed,Passed
NCR,San Juan River System,C,TSS,45.31,,,Passed,No Monitoring,No Monitoring
Region 7,Sapangdaku River,C,BOD,2.75,1.5,2.5,Passed,Passed,Passed
Region 7,Sapangdaku River,C,CHLORIDE,47,48.5,33,Passed,Passed,Passed
Region 7,Sapangdaku River,C,COLOR,4.63,6.25,5,Passed,Passed,Passed
Region 7,Sapangdaku River,C,DO,7.78,5.03,7.98,Passed,Passed,Passed
Region 7,Sapangdaku River,C,FECAL COLIFORM,633.55,606.18,842.78,Failed,Failed,Failed
Region 7,Sapangdaku River,C,NITRATE,0.96,0.96,0.5,Passed,Passed,Passed
Region 7,Sapangdaku River,C,PH,8.18,8.05,8.33,Passed,Passed,Passed
Region 7,Sapangdaku River,C,PHOSPHATE,0.03,0.01,0.02,Passed,Passed,Passed
Region 7,Sapangdaku River,C,TEMPERATURE,24.38,,24.23,Failed,No Monitoring,Passed
Region 7,Sapangdaku River,C,TSS,684.75,158.75,206.25,Failed,Failed,Failed
Region 3,Sta Maria River,C,BOD,47,23.5,15.25,Failed,Failed,Failed
Region 3,Sta Maria River,C,CHLORIDE,469.42,628,185.42,Failed,Failed,Passed
Region 3,Sta Maria River,C,COLOR,93.33,45.42,32.08,Failed,Passed,Passed
Region 3,Sta Maria River,C,DO,1.27,2.63,3.48,Failed,Failed,Failed
Region 3,Sta Maria River,C,FECAL COLIFORM,957471.28,238112.09,115095,Failed,Failed,Failed
Region 3,Sta Maria River,C,NITRATE,0.37,0.79,1.12,Passed,Passed,Passed
Region 3,Sta Maria River,C,PH,7.57,7.74,7.26,Passed,Passed,Passed
Region 3,Sta Maria River,C,PHOSPHATE,4.38,1.99,1.23,Failed,Failed,Failed
Region 3,Sta Maria River,C,TEMPERATURE,30.95,29.03,28.01,Passed,Passed,Passed
Region 3,Sta Maria River,C,TSS,25.67,22.33,29.42,Passed,Passed,Passed
Region 2,Sulong River,C,BOD,1.46,2.19,2.47,Passed,Passed,Passed
Region 2,Sulong River,C,CHLORIDE,9.63,2.93,3.33,Passed,Passed,Passed
Region 2,Sulong River,C,COLOR,6.1,6.1,5.64,Passed,Passed,Passed
Region 2,Sulong River,C,DO,8.49,7.62,6.84,Passed,Passed,Passed
Region 2,Sulong River,C,FECAL COLIFORM,312640,941440,559615,Failed,Failed,Failed
Region 2,Sulong River,C,NITRATE,1.48,0.22,0.43,Passed,Passed,Passed
Region 2,Sulong River,C,PH,7.02,9.24,7.24,Passed,Failed,Passed
Region 2,Sulong River,C,PHOSPHATE,0.16,0.27,0.12,Passed,Passed,Passed
Region 2,Sulong River,C,TEMPERATURE,25.21,24.63,26.03,Passed,Failed,Passed
Region 2,Sulong River,C,TSS,106.47,326.56,144.59,Failed,Failed,Failed
Region 4B,Tagburos River,C,BOD,,7.5,1.57,No Monitoring,Failed,Passed
Region 4B,Tagburos River,C,CHLORIDE,,,15.55,No Monitoring,No Monitoring,Passed
Region 4B,Tagburos River,C,COLOR,,4.9,35.54,No Monitoring,Passed,Passed
Region 4B,Tagburos River,C,DO,,,,No Monitoring,No Monitoring,No Monitoring
Region 4B,Tagburos River,C,FECAL COLIFORM,,,47423.43,No Monitoring,No Monitoring,Failed
Region 4B,Tagburos River,C,NITRATE,,,2.39,No Monitoring,No Monitoring,Passed
Region 4B,Tagburos River,C,PH,,,,No Monitoring,No Monitoring,No Monitoring
Region 4B,Tagburos River,C,PHOSPHATE,0.1,0.05,0.18,Passed,Passed,Passed
Region 4B,Tagburos River,C,TEMPERATURE,,,,No Monitoring,No Monitoring,No Monitoring
Region 4B,Tagburos River,C,TSS,8.42,10,7.97,Passed,Passed,Passed
Region 13,Taguibo River,A,BOD,2.36,1.69,1.07,Passed,Passed,Passed
Region 13,Taguibo River,A,CHLORIDE,1222.92,3.39,319.42,Failed,Passed,Passed
Region 13,Taguibo River,A,COLOR,12.83,6.88,7.92,Passed,Passed,Passed
Region 13,Taguibo River,A,DO,5.4,7.84,7.03,Passed,Passed,Passed
Region 13,Taguibo River,A,FECAL COLIFORM,13225.89,1878.39,6275.97,Failed,Failed,Failed
Region 13,Taguibo River,A,NITRATE,,,0.23,No Monitoring,No Monitoring,Passed
Region 13,Taguibo River,A,PH,9.65,8.19,7.91,Failed,Passed,Passed
Region 13,Taguibo River,A,PHOSPHATE,0.1,0.01,0.03,Passed,Passed,Passed
Region 13,Taguibo River,A,TEMPERATURE,27.28,26.46,27.76,Passed,Passed,Passed
Region 13,Taguibo River,A,TSS,36.25,4.37,28.18,Passed,Passed,Passed
Region 11,Tagum River,D,BOD,1.48,1.16,1.52,Passed,Passed,Passed
Region 11,Tagum River,D,CHLORIDE,762.85,417.19,560.14,Failed,Failed,Failed
Region 11,Tagum River,D,COLOR,28.78,18.57,19.24,Passed,Passed,Passed
Region 11,Tagum River,D,DO,7.28,7.17,6.9,Passed,Passed,Passed
Region 11,Tagum River,D,FECAL COLIFORM,5253.4,1400.18,185492.45,Failed,Failed,No Monitoring
Region 11,Tagum River,D,NITRATE,1.62,,5.01,Passed,No Monitoring,Passed
Region 11,Tagum River,D,PH,8.1,8.01,8.13,Passed,Passed,Passed
Region 11,Tagum River,D,PHOSPHATE,1.91,0.23,0.33,Passed,Passed,Passed
Region 11,Tagum River,D,TEMPERATURE,29.13,27.89,28.46,Passed,Passed,Passed
Region 11,Tagum River,D,TSS,420.96,116.59,416.19,Failed,Failed,Failed
Region 3,Talisay River,C,BOD,5.91,6.65,11.78,Passed,Passed,Failed
Region 3,Talisay River,C,CHLORIDE,2405.17,697.9,3706.35,Failed,Failed,Failed
Region 3,Talisay River,C,COLOR,14.38,9.52,9.83,Passed,Passed,Passed
Region 3,Talisay River,C,DO,6.29,4.03,3.38,Passed,Failed,Failed
Region 3,Talisay River,C,FECAL COLIFORM,88540.69,105101.42,80127.07,Failed,Failed,Failed
Region 3,Talisay River,C,NITRATE,0.28,0.35,0.47,Passed,Passed,Passed
Region 3,Talisay River,C,PH,7.33,7.89,7.24,Passed,Passed,Passed
Region 3,Talisay River,C,PHOSPHATE,0.12,0.11,0.12,Passed,Passed,Passed
Region 3,Talisay River,C,TEMPERATURE,30.21,29.22,28.92,Passed,Passed,Passed
Region 3,Talisay River,C,TSS,22.17,21.19,32.72,Passed,Passed,Passed
Region 11,Talomo River,B,BOD,1.58,1.58,19.08,Passed,Passed,Failed
Region 11,Talomo River,B,CHLORIDE,202.19,483.4,147.04,Passed,Passed,Passed
Region 11,Talomo River,B,COLOR,20.07,15.98,17.69,Passed,Passed,Passed
Region 11,Talomo River,B,DO,7.84,8.24,7.61,Passed,Passed,Passed
Region 11,Talomo River,B,FECAL COLIFORM,8390.04,11520.53,11899.37,Failed,Failed,Failed
Region 11,Talomo River,B,NITRATE,,,6.71,No Monitoring,No Monitoring,Passed
Region 11,Talomo River,B,PH,8.1,7.88,7.94,Passed,Passed,Passed
Region 11,Talomo River,B,PHOSPHATE,1.24,0.27,0.11,Failed,Passed,Passed
Region 11,Talomo River,B,TEMPERATURE,25.93,27.05,27.52,Failed,Passed,Passed
Region 11,Talomo River,B,TSS,59.79,62.4,40.03,Passed,Passed,Passed
Region 4A,Timalan-Obispo River,C,BOD,5.25,6.88,5.15,Passed,Passed,Passed
Region 4A,Timalan-Obispo River,C,CHLORIDE,184.85,5595.63,3004.08,Passed,Failed,Failed
Region 4A,Timalan-Obispo River,C,COLOR,18.33,15,13.17,Passed,Passed,Passed
Region 4A,Timalan-Obispo River,C,DO,5.61,5.82,4.19,Passed,Passed,Failed
Region 4A,Timalan-Obispo River,C,FECAL COLIFORM,17923.32,5321.41,36966.17,Failed,Failed,Failed
Region 4A,Timalan-Obispo River,C,NITRATE,0.65,0.39,0.71,Passed,Passed,Passed
Region 4A,Timalan-Obispo River,C,PH,7.09,7.78,7.61,Passed,Passed,Passed
Region 4A,Timalan-Obispo River,C,PHOSPHATE,0.5,0.58,0.6,Failed,Failed,Failed
Region 4A,Timalan-Obispo River,C,TEMPERATURE,28.23,24.25,22.33,Passed,Failed,Passed
Region 4A,Timalan-Obispo River,C,TSS,27.95,20.5,26.9,Passed,Passed,Passed
Region 13,Tubay River,A,BOD,0.84,0.86,1.1,Passed,Passed,Passed
Region 13,Tubay River,A,CHLORIDE,22.18,119.17,67.08,Passed,Passed,Passed
Region 13,Tubay River,A,COLOR,6.17,8.63,6.39,Passed,Passed,Passed
Region 13,Tubay River,A,DO,7.71,7.09,7.29,Passed,Passed,Passed
Region 13,Tubay River,A,FECAL COLIFORM,949.87,1383.73,1172.13,Failed,Failed,Failed
Region 13,Tubay River,A,NITRATE,,,0.17,No Monitoring,No Monitoring,Passed
Region 13,Tubay River,A,PH,8.33,7.77,7.82,Passed,Passed,Passed
Region 13,Tubay River,A,PHOSPHATE,0.03,0.01,0.01,Passed,Passed,Passed
Region 13,Tubay River,A,TEMPERATURE,27.68,27.25,27.59,Passed,Passed,Passed
Region 13,Tubay River,A,TSS,30.67,17.41,23.14,Passed,Passed,Passed
Region 10,Umalag River,A,BOD,3.5,5.53,1.98,Failed,Passed,Passed
Region 10,Umalag River,A,CHLORIDE,1174.5,301.41,652.83,Failed,Failed,Failed
Region 10,Umalag River,A,COLOR,26.67,27.85,22.5,Passed,Passed,Passed
Region 10,Umalag River,A,DO,7.46,7.85,7.95,Passed,Passed,Passed
Region 10,Umalag River,A,FECAL COLIFORM,37659.03,51328.63,110192.75,Failed,Failed,Failed
Region 10,Umalag River,A,NITRATE,0.51,0.74,0.57,Passed,Passed,Passed
Region 10,Umalag River,A,PH,8.44,8.34,8.4,Passed,Passed,Passed
Region 10,Umalag River,A,PHOSPHATE,1.02,0.76,0.07,Failed,Passed,Passed
Region 10,Umalag River,A,TEMPERATURE,28.17,30.53,29.02,Passed,Passed,Passed
Region 10,Umalag River,A,TSS,21.17,16.22,5.8,Passed,Passed,Passed
Region 4A,Ylang-Ylang River,C,BOD,123.12,147.15,129.04,Failed,Failed,Failed
Region 4A,Ylang-Ylang River,C,CHLORIDE,802.45,152.04,344.52,Failed,Passed,Passed
Region 4A,Ylang-Ylang River,C,COLOR,18.25,12.71,13.56,Passed,Passed,Passed
Region 4A,Ylang-Ylang River,C,DO,4.71,4.2,4.75,Failed,Failed,Failed
Region 4A,Ylang-Ylang River,C,FECAL COLIFORM,278790.37,184138.91,181300.39,Failed,Failed,Failed
Region 4A,Ylang-Ylang River,C,NITRATE,2.29,1.57,1.52,Passed,Passed,Passed
Region 4A,Ylang-Ylang River,C,PH,7.53,7.47,7.21,Passed,Passed,Passed
Region 4A,Ylang-Ylang River,C,PHOSPHATE,1.77,1.03,0.98,Failed,Failed,Failed
Region 4A,Ylang-Ylang River,C,TEMPERATURE,28.64,21.88,25.95,Passed,Failed,Passed
Region 4A,Ylang-Ylang River,C,TSS,197.77,50.46,49.54,Failed,Passed,Passed